symbol,error,error_stage,region,market_cap,dividend_yield,safe_dividend_yield,buyback_yield,shareholder_yield,gross_profitability,base_book_equity,rd_asset_5y,sga_asset_3y_30pct,adjusted_book,adjusted_book_to_market,sector,industry,exchange,currency_code,currency_name,company_name,asset_type,country,payout_ratio,shares_outstanding,price_proxy,52_week_high,200_day_ma,recency_ratio,distance_from_high,price_to_200dma,dividend_safety_pass,piotroski_score,total_revenue,full_time_employees,revenue_per_employee,gross_profit_per_employee,earnings_surprise_pct,earnings_report_date,pead_signal,pead_signal_v2,pead_surprise_component,pead_decay_component,pead_breadth_component,pead_revision_component,pead_analyst_count,pead_filter_pass,pead_has_setup_coverage,sue_signal,sue_has_coverage,sue_surprise_raw,sue_surprise_pct,sue_std_error,sue_report_date,revision_impulse_signal,revision_impulse_has_coverage,revision_impulse_analyst_count,revision_impulse_drift_7d,revision_impulse_drift_30d,revision_impulse_breadth,revision_impulse_growth_component,revision_impulse_coverage_component,revision_impulse_disagreement,revision_impulse_disagreement_penalty,revenue_growth_yoy,revenue_growth_yoy_prev,revenue_acceleration,revenue_growth_has_coverage,price_momentum_1m,price_momentum_6m,price_momentum_6m_ex_1m,price_momentum_has_coverage,price_momentum_effective_signal,price_momentum_signal_coverage,price_momentum_proxy_used,beneish_m_score,beneish_data_status,beneish_is_missing,beneish_is_pathological_clipped,beneish_hard_filter_pass,accrual_ratio,accrual_volatility,accrual_measure_count,accrual_is_quarterly,sentiment_latest,sentiment_speed,sentiment_acceleration,sentiment_count_days,sentiment_article_count_recent,sentiment_article_count_total,sentiment_latest_count,sentiment_filter_pass,news_event_signal,news_event_effective_signal,news_event_breadth,news_article_count_recent,news_positive_article_share,news_negative_article_share,news_novelty_score,news_saturation_score,news_peer_spillover_signal,news_confirmation_signal,news_macro_multiplier,news_unique_title_ratio,news_novelty_multiplier,news_saturation_multiplier,news_peer_coverage,news_confirmation_coverage,beneish_hard_filter_threshold,beneish_missing_penalty_applied,forensic_penalty,earnings_signal_confidence,revision_signal_confidence,growth_signal_confidence,momentum_signal_confidence,news_signal_confidence,contrib_shareholder_yield,contrib_gross_profitability,contrib_adjusted_book_to_market,contrib_earnings,contrib_revision_impulse,contrib_growth,contrib_momentum,contrib_news_event,contrib_employee_efficiency,contrib_forensic,passes_size,passes_trend_gate,passes_quality_gate,passes_forensic_gate,factor_non_null_count,factor_positive_count,passes_factor_gate,z_shareholder_yield,z_gross_profitability,z_adjusted_book_to_market,z_pead_signal,z_beneish_risk,z_accrual_volatility_risk,news_own_confidence,news_has_coverage,composite_score,sentiment_has_coverage,rank,regime,neutralize_by,macro_state
RAND.AS,,,NL,4182809344.0,0.0699,0.0,0.00903444381705254,0.00903444381705254,0.38247825315107403,4001000000.0,4000000.0,840800000.0,4845800000.0,1.1585036757534795,Industrials,Staffing & Employment Services,AS,EUR,Euro,Randstad NV,Common Stock,Netherlands,,175500000.0,23.833671475783476,44.34,34.5625,0.5375207820429291,-0.4624792179570709,0.6895818148508781,0.0,6.0,23077000000.0,38920.0,592934.224049332,110714.28571428571,,,,,,,,,,1.0,0.0,,0.0,,,,,,0.0,,,,,,,,,,,,0.0,,,,0.0,,0.0,0.0,,,0.0,0.0,1.0,,,,,,,,,,,,1.0,,,,,,,,,,,,,,,,,-1.2,0.0,,0.6,0.7,0.6,0.0,0.0,-0.059227340416236965,0.8370976930069658,0.4355083289232243,0.0,0.0,0.0,0.0,0.0,0.0,-0.0,True,True,True,True,3,3,True,-0.1480683510405924,2.391707694305617,1.742033315692897,,,,0.0,False,1.2133786815139531,False,1,neutral,sector,neutral
SESG.PA,,,FR,2270025728.0,0.0922,0.0922,0.14848520158471223,0.24068520158471224,0.1400149588631264,2623000000.0,,,2623000000.0,1.1554935116576792,Communication Services,Broadcasting,PA,EUR,Euro,SES S. A.,Common Stock,France,,365385000.0,6.212695452741628,7.08,5.6743,0.8774993577318684,-0.12250064226813162,1.0948831490653699,1.0,5.0,2630000000.0,3830.0,686684.0731070496,488772.84595300263,,,,,,,,,,1.0,0.0,,0.0,,,,,,0.0,,,,,,,,,,,,0.0,,,,0.0,,0.0,0.0,,,0.0,0.0,1.0,,,,,,,,,,,,1.0,,,,,,,,,,,,,,,,,-1.2,0.0,,0.6,0.7,0.6,0.0,0.0,0.7882054615821926,-0.210505304791199,0.4406407165084389,0.0,0.0,0.0,0.0,0.0,0.0,-0.0,True,True,True,True,3,3,True,1.9705136539554815,-0.6014437279748543,1.7625628660337556,,,,0.0,False,1.0183408732994326,False,2,neutral,sector,neutral
GS71.XETRA,,,DE,89601753088.0,0.0367,0.0367,0.016728985814360442,0.053428985814360445,0.38695637946267875,16377000000.0,19578600000.0,5867900000.0,41823500000.0,0.4667710012205247,Healthcare,Drug Manufacturers - General,XETRA,EUR,Euro,GSK plc,Common Stock,Germany,,4012550322.0,22.330374923083642,25.9328,19.6336,0.861086150476757,-0.13891384952324304,1.1373550914291644,1.0,9.0,32667000000.0,66841.0,488726.97895004565,353824.7482832393,,,,,,,,,,1.0,0.0,,0.0,,,,,,0.0,,,,,,,,,,,,0.0,,,,0.0,,0.0,0.0,,,0.0,0.0,1.0,,,,,,,,,,,,1.0,,,,,,,,,,,,,,,,,-1.2,0.0,,0.6,0.7,0.6,0.0,0.0,0.6836362775877904,0.40550082263131493,-0.08426255557007478,0.0,0.0,0.0,0.0,0.0,0.0,-0.0,True,True,True,True,3,3,True,1.7090906939694759,1.1585737789466142,-0.3370502222802991,,,,0.0,False,1.0048745446490308,False,3,neutral,sector,neutral
QCI.XETRA,,,DE,117946179584.0,0.0275,0.0,0.02212389380530977,0.02212389380530977,0.48951997287757015,21206000000.0,26160000000.0,1733100000.0,49099100000.0,0.4162839370734526,Technology,Semiconductors,XETRA,EUR,Euro,QUALCOMM Incorporated,Common Stock,Germany,,1105000000.0,106.73862405791856,173.1138,137.0246,0.6165806773227701,-0.3834193226772299,0.7789741700243501,0.0,6.0,44284000000.0,52000.0,851615.3846153846,472038.46153846156,,,,,,,,,,1.0,0.0,,0.0,,,,,,0.0,,,,,,,,,,,,0.0,,,,0.0,,0.0,0.0,,,0.0,0.0,1.0,,,,,,,,,,,,1.0,,,,,,,,,,,,,,,,,-1.2,0.0,,0.6,0.7,0.6,0.0,0.0,0.2503753088645154,0.6705252360319263,0.004768083796643388,0.0,0.0,0.0,0.0,0.0,0.0,-0.0,True,True,True,True,3,3,True,0.6259382721612885,1.9157863886626467,0.01907233518657355,,,,0.0,False,0.9256686286930851,False,4,neutral,sector,neutral
EBA.XETRA,,,DE,35546411008.0,0.0139,0.0139,0.06586826347305386,0.07976826347305385,0.4490062585744446,4615314000.0,4622511841.0,647700000.0,9885525841.0,0.27810193942716704,Consumer Cyclical,Internet Retail,XETRA,EUR,Euro,eBay Inc,Common Stock,Germany,,468000000.0,75.95386967521368,85.7506,74.919,0.8857532154318882,-0.11424678456811177,1.0138131805711994,1.0,5.0,11100756059.0,12300.0,902500.492601626,642889.314796748,,,,,,,,,,1.0,0.0,,0.0,,,,,,0.0,,,,,,,,,,,,0.0,,,,0.0,,0.0,0.0,,,0.0,0.0,1.0,,,,,,,,,,,,1.0,,,,,,,,,,,,,,,,,-1.2,0.0,,0.6,0.7,0.6,0.0,0.0,0.6702591234426954,0.5070471597985892,-0.28280326681733864,0.0,0.0,0.0,0.0,0.0,0.0,-0.0,True,True,True,True,3,3,True,1.6756478086067386,1.448706170853112,-1.1312130672693546,,,,0.0,False,0.894503016423946,False,5,neutral,sector,neutral
CAT1.XETRA,,,DE,280568266752.0,0.0087,0.0087,0.034940743767879034,0.043640743767879034,0.2178627585492351,21319452000.0,6161346000.0,4038300000.0,31519098000.0,0.11234020997770347,Industrials,Farm & Heavy Construction Machinery,XETRA,EUR,Euro,Caterpillar Inc,Common Stock,Germany,,472300000.0,594.0467218970992,664.0,463.5075,0.8946486775558724,-0.10535132244412759,1.2816334620197067,1.0,6.0,67593604000.0,118000.0,572827.1525423729,182029.34745762713,,,,,,,,,,1.0,0.0,,0.0,,,,,,0.0,,,,,,,,,,,,0.0,,,,0.0,,0.0,0.0,,,0.0,0.0,1.0,,,,,,,,,,,,1.0,,,,,,,,,,,,,,,,,-1.2,0.0,,0.6,0.7,0.6,0.0,0.0,0.9303472974024833,0.23194768975310623,-0.2694324102084629,0.0,0.0,0.0,0.0,0.0,0.0,-0.0,True,True,True,True,3,3,True,2.3258682435062084,0.662707685008875,-1.0777296408338517,,,,0.0,False,0.8928625769471268,False,6,neutral,sector,neutral
APC.XETRA,,,DE,3182137180160.0,0.0041,0.0041,0.026180913344576395,0.030280913344576395,0.5433706063617461,73733000000.0,92478200000.0,15992900000.0,182204100000.0,0.05725840518001762,Technology,Consumer Electronics,XETRA,EUR,Euro,Apple Inc,Common Stock,Germany,,15004697000.0,212.0760705904291,247.3206,212.9056,0.8574945661236028,-0.14250543387639725,0.99610376894938,1.0,8.0,416161000000.0,150000.0,2774406.6666666665,1301340.0,,,,,,,,,,1.0,0.0,,0.0,,,,,,0.0,,,,,,,,,,,,0.0,,,,0.0,,0.0,0.0,,,0.0,0.0,1.0,,,,,,,,,,,,1.0,,,,,,,,,,,,,,,,,-1.2,0.0,,0.6,0.7,0.6,0.0,0.0,0.41863962739646965,0.7232303867892389,-0.27834585524416916,0.0,0.0,0.0,0.0,0.0,0.0,-0.0,True,True,True,True,3,3,True,1.0465990684911741,2.06637253368354,-1.1133834209766766,,,,0.0,False,0.8635241589415394,False,7,neutral,sector,neutral
BAS.XETRA,,,DE,41466011648.0,0.0489,0.0489,0.0012455706836228542,0.05014557068362285,0.18254059804411632,33194000000.0,6210600000.0,3099400000.0,42504000000.0,1.0250322688569944,Basic Materials,Chemicals,XETRA,EUR,Euro,BASF SE,Common Stock,Germany,,894057000.0,46.37960627566251,52.68,44.6495,0.8804025488926065,-0.1195974511073935,1.0387486147809608,1.0,8.0,59657000000.0,106256.0,561445.9418762234,134034.78391808463,,,,,,,,,,1.0,0.0,,0.0,,,,,,0.0,,,,,,,,,,,,0.0,,,,0.0,,0.0,0.0,,,0.0,0.0,1.0,,,,,,,,,,,,1.0,,,,,,,,,,,,,,,,,-1.2,0.0,,0.6,0.7,0.6,0.0,0.0,0.5921596149308405,-0.1434621686730155,0.4103699483010023,0.0,0.0,0.0,0.0,0.0,0.0,-0.0,True,True,True,True,3,3,True,1.4803990373271012,-0.40989191049433005,1.6414797932040093,,,,0.0,False,0.8590673945588272,False,8,neutral,sector,neutral
SQ3.XETRA,,,DE,31764613120.0,0.0,0.0,0.028398711584763703,0.028398711584763703,0.26194585587564384,22204278000.0,8002925400.0,2530690400.0,32737893800.0,1.0306404071827713,Technology,Software - Infrastructure,XETRA,EUR,Euro,Block Inc,Common Stock,Germany,,602078000.0,52.75830227977106,72.12,58.6356,0.7315349733745293,-0.26846502662547067,0.8997657102472059,1.0,6.0,24193683000.0,10205.0,2370767.5649191574,1015181.6756491916,,,,,,,,,,1.0,0.0,,0.0,,,,,,0.0,,,,,,,,,,,,0.0,,,,0.0,,0.0,0.0,,,0.0,0.0,1.0,,,,,,,,,,,,1.0,,,,,,,,,,,,,,,,,-1.2,0.0,,0.6,0.7,0.6,0.0,0.0,0.3798132650309087,-0.07191902562338087,0.45433047449890324,0.0,0.0,0.0,0.0,0.0,0.0,-0.0,True,True,True,True,3,3,True,0.9495331625772716,-0.20548293035251677,1.817321897995613,,,,0.0,False,0.7622247139064311,False,9,neutral,sector,neutral
RUI.PA,,,FR,3381660672.0,0.0609,0.0609,0.0008402108761451643,0.06174021087614517,0.09616055693643905,2804838000.0,,284475100.00000006,3089313100.0,0.9135491108198334,Energy,Oil & Gas Refining & Marketing,PA,EUR,Euro,Rubis SCA,Common Stock,France,,103638000.0,32.62954391246454,36.8,31.3191,0.8866723889256669,-0.11332761107433309,1.0418416848652912,1.0,5.0,6534460000.0,4262.0,1533190.9901454716,149484.04504927265,,,,,,,,,,1.0,0.0,,0.0,,,,,,0.0,,,,,,,,,,,,0.0,,,,0.0,,0.0,0.0,,,0.0,0.0,1.0,,,,,,,,,,,,1.0,,,,,,,,,,,,,,,,,-1.2,0.0,,0.6,0.7,0.6,0.0,0.0,0.7990981756005213,-0.38563226523821087,0.32076605839950273,0.0,0.0,0.0,0.0,0.0,0.0,-0.0,True,True,True,True,3,3,True,1.9977454390013032,-1.101806472109174,1.283064233598011,,,,0.0,False,0.7342319687618132,False,10,neutral,sector,neutral
RDEB.XETRA,,,DE,51172134912.0,0.0269,0.0,0.017690627164704043,0.017690627164704043,0.4139730296835709,2367504525.0,380600000.0,554200000.0000001,3302304525.0,0.06453325683360538,Industrials,Specialty Business Services,XETRA,EUR,Euro,RELX PLC,Common Stock,Germany,,1843500000.0,27.758142073230267,49.1003,37.2656,0.5653354882399959,-0.4346645117600041,0.7448730752552023,0.0,6.0,9596098223.0,35720.0,268647.7666013438,171133.3895856663,,,,,,,,,,1.0,0.0,,0.0,,,,,,0.0,,,,,,,,,,,,0.0,,,,0.0,,0.0,0.0,,,0.0,0.0,1.0,,,,,,,,,,,,1.0,,,,,,,,,,,,,,,,,-1.2,0.0,,0.6,0.7,0.6,0.0,0.0,0.18829809608857193,0.8370976930069658,-0.2938931377342798,0.0,0.0,0.0,0.0,0.0,0.0,-0.0,True,True,True,True,3,3,True,0.4707452402214298,2.391707694305617,-1.175572550937119,,,,0.0,False,0.7315026513612579,False,11,neutral,sector,neutral
BB.PA,,,FR,2105853952.0,0.0463,0.0463,0.023617294269221767,0.06991729426922177,0.38997321086873327,1665000000.0,53465400.0,86366300.00000001,1804831700.0,0.8570545446828783,Consumer Defensive,Household & Personal Products,PA,EUR,Euro,Société BIC SA,Common Stock,France,,41111000.0,51.223612950305274,60.0158,52.3605,0.8535021269449924,-0.1464978730550076,0.9782873148710435,1.0,6.0,2090000000.0,13000.0,160769.23076923078,78384.61538461539,,,,,,,,,,1.0,0.0,,0.0,,,,,,0.0,,,,,,,,,,,,0.0,,,,0.0,,0.0,0.0,,,0.0,0.0,1.0,,,,,,,,,,,,1.0,,,,,,,,,,,,,,,,,-1.2,0.0,,0.6,0.7,0.6,0.0,0.0,0.4430149295133754,0.05857460748384763,0.1887948001545138,0.0,0.0,0.0,0.0,0.0,0.0,-0.0,True,True,True,True,3,3,True,1.1075373237834385,0.1673560213824218,0.7551792006180552,,,,0.0,False,0.6903843371517367,False,12,neutral,sector,neutral
KSB.XETRA,,,DE,2066565888.0,0.0217,0.0217,0.0,0.0217,0.22863419226611806,1092500000.0,182445600.0,66643600.0,1341589200.0,0.6491877214224103,Industrials,Specialty Industrial Machinery,XETRA,EUR,Euro,KSB SE & Co. KGaA,Common Stock,Germany,,1751000.0,1180.220381496288,1340.0,977.7,0.8807614787285731,-0.11923852127142687,1.2071395944525805,1.0,6.0,2965200000.0,16658.0,178004.56237243366,39362.468483611476,,,,,,,,,,1.0,0.0,,0.0,,,,,,0.0,,,,,,,,,,,,0.0,,,,0.0,,0.0,0.0,,,0.0,0.0,1.0,,,,,,,,,,,,1.0,,,,,,,,,,,,,,,,,-1.2,0.0,,0.6,0.7,0.6,0.0,0.0,0.3029469801647633,0.280767156089613,0.09231381196361851,0.0,0.0,0.0,0.0,0.0,0.0,-0.0,True,True,True,True,3,3,True,0.7573674504119081,0.8021918745417514,0.36925524785447406,,,,0.0,False,0.6760279482179948,False,13,neutral,sector,neutral
SGO.PA,,,FR,34911051776.0,0.0338,0.0,0.01922086439374704,0.01922086439374704,0.2079196528371359,24541000000.0,1689400000.0,4372200000.0,30602600000.0,0.8765877406488826,Industrials,Building Products & Equipment,PA,EUR,Euro,Compagnie de Saint-Gobain S.A.,Common Stock,France,,494248000.0,70.63468496787038,104.65,89.1512,0.6749611559280495,-0.3250388440719505,0.7923021223255591,0.0,7.0,46483000000.0,155544.0,298841.48536748445,81321.04099161652,,,,,,,,,,1.0,0.0,,0.0,,,,,,0.0,,,,,,,,,,,,0.0,,,,0.0,,0.0,0.0,,,0.0,0.0,1.0,,,,,,,,,,,,1.0,,,,,,,,,,,,,,,,,-1.2,0.0,,0.6,0.7,0.6,0.0,0.0,0.23205556088135976,0.18688246191520755,0.2455437257163389,0.0,0.0,0.0,0.0,0.0,0.0,-0.0,True,True,True,True,3,3,True,0.5801389022033994,0.5339498911863073,0.9821749028653556,,,,0.0,False,0.6644817485129062,False,14,neutral,sector,neutral
DG.PA,,,FR,70199402496.0,0.0403,0.0403,0.016470212780718585,0.05677021278071859,0.08269642655844887,30752000000.0,,11882600000.0,42634600000.0,0.6073356536393503,Industrials,Engineering & Construction,PA,EUR,Euro,Vinci S.A.,Common Stock,France,,567060000.0,123.7953699714316,143.15,122.5798,0.8647947605409123,-0.1352052394590877,1.0099165602442783,1.0,5.0,75372000000.0,292101.0,258034.03617241982,37671.90115747635,,,,,,,,,,1.0,0.0,,0.0,,,,,,0.0,,,,,,,,,,,,0.0,,,,0.0,,0.0,0.0,,,0.0,0.0,1.0,,,,,,,,,,,,1.0,,,,,,,,,,,,,,,,,-1.2,0.0,,0.6,0.7,0.6,0.0,0.0,0.9541731921144008,-0.380667897725329,0.06411245666652649,0.0,0.0,0.0,0.0,0.0,0.0,-0.0,True,True,True,True,3,3,True,2.385432980286002,-1.0876225649295115,0.25644982666610594,,,,0.0,False,0.6376177510555983,False,15,neutral,sector,neutral
7HP.XETRA,,,DE,14759836672.0,0.0656,0.0,0.03640040444893833,0.03640040444893833,0.2727381550910963,-346000000.0,4879400000.0,3413600000.0,7947000000.0,0.5384205920839068,Technology,Computer Hardware,XETRA,EUR,Euro,HP Inc,Common Stock,Germany,,953000000.0,15.487761460650576,25.4996,20.6783,0.607372721950563,-0.392627278049437,0.7489862058607611,0.0,5.0,55295000000.0,55000.0,1005363.6363636364,207127.27272727274,,,,,,,,,,1.0,0.0,,0.0,,,,,,0.0,,,,,,,,,,,,0.0,,,,0.0,,0.0,0.0,,,0.0,0.0,1.0,,,,,,,,,,,,1.0,,,,,,,,,,,,,,,,,-1.2,0.0,,0.6,0.7,0.6,0.0,0.0,0.5448734797834892,-0.03670992219747627,0.1036208861168423,0.0,0.0,0.0,0.0,0.0,0.0,-0.0,True,True,True,True,3,3,True,1.3621836994587229,-0.10488549199278935,0.4144835444673692,,,,0.0,False,0.6117844437028552,False,16,neutral,sector,neutral
ADS.XETRA,,,DE,23631745024.0,0.021,0.0,-1.0892490641456476e-05,-1.0892490641456476e-05,0.5769420590267496,5776000000.0,331800000.0,3863800000.0,9971600000.0,0.4219578363710768,Consumer Cyclical,Footwear & Accessories,XETRA,EUR,Euro,adidas AG,Common Stock,Germany,,178565330.0,132.34229188835258,227.7,170.8345,0.5812134031109029,-0.41878659688909714,0.7746812961571146,0.0,5.0,24811000000.0,48487.0,511704.16812753933,241095.5513849073,,,,,,,,,,1.0,0.0,,0.0,,,,,,0.0,,,,,,,,,,,,0.0,,,,0.0,,0.0,0.0,,,0.0,0.0,1.0,,,,,,,,,,,,1.0,,,,,,,,,,,,,,,,,-1.2,0.0,,0.6,0.7,0.6,0.0,0.0,-0.001065732347361475,0.7124207512534164,-0.11266998184153745,0.0,0.0,0.0,0.0,0.0,0.0,-0.0,True,True,True,True,3,2,True,-0.0026643308684036874,2.035487860724047,-0.4506799273661498,,,,0.0,False,0.5986850370645175,False,17,neutral,sector,neutral
AD.AS,,,NL,35874185216.0,0.0364,0.0364,0.030010718113612,0.066410718113612,0.49937867954124143,14195000000.0,,2375400000.0,16570400000.0,0.46190317355582894,Consumer Defensive,Grocery Stores,AS,EUR,Euro,Koninklijke Ahold Delhaize NV,Common Stock,Netherlands,,905000000.0,39.6399836640884,42.54,35.703,0.9318284829357875,-0.06817151706421254,1.1102703880370948,1.0,7.0,92352000000.0,132000.0,699636.3636363636,185712.12121212122,,,,,,,,,,1.0,0.0,,0.0,,,,,,0.0,,,,,,,,,,,,0.0,,,,0.0,,0.0,0.0,,,0.0,0.0,1.0,,,,,,,,,,,,1.0,,,,,,,,,,,,,,,,,-1.2,0.0,,0.6,0.7,0.6,0.0,0.0,0.39492533111486056,0.25535773473983603,-0.058141944335281436,0.0,0.0,0.0,0.0,0.0,0.0,-0.0,True,True,True,True,3,3,True,0.9873133277871513,0.729593527828103,-0.23256777734112574,,,,0.0,False,0.5921411215194151,False,18,neutral,sector,neutral
QIA.XETRA,,,DE,7057029632.0,0.0064,0.0,0.04823906378392151,0.04823906378392151,0.2051306851855357,3778411342.0,575366971.0,209712500.0,4563490813.0,0.6466588707955704,Healthcare,Diagnostics & Research,XETRA,EUR,Euro,QIAGEN NV,Common Stock,Germany,,207935922.0,33.938482413827465,47.595,42.1488,0.7130682301466008,-0.2869317698533992,0.8052063739377506,0.0,6.0,2090141356.0,5654.0,369674.8065086664,228437.0298903431,,,,,,,,,,1.0,0.0,,0.0,,,,,,0.0,,,,,,,,,,,,0.0,,,,0.0,,0.0,0.0,,,0.0,0.0,1.0,,,,,,,,,,,,1.0,,,,,,,,,,,,,,,,,-1.2,0.0,,0.6,0.7,0.6,0.0,0.0,0.6504696261245267,-0.2237891806445446,0.1466100845442417,0.0,0.0,0.0,0.0,0.0,0.0,-0.0,True,True,True,True,3,3,True,1.6261740653113168,-0.6393976589844131,0.5864403381769668,,,,0.0,False,0.5732905300242239,False,19,neutral,sector,neutral
MMM.XETRA,,,DE,66532745216.0,0.0222,0.0,0.020626017731138035,0.020626017731138035,0.26388041839569404,4702000000.0,4285880000.0,4195900000.0000005,13183780000.0,0.1981547575888921,Industrials,Conglomerates,XETRA,EUR,Euro,3M Company,Common Stock,Germany,,541300000.0,122.9128860447072,148.7652,136.0037,0.8262206890099781,-0.17377931099002186,0.9037466336923715,0.0,5.0,24949699000.0,60500.0,412391.7190082645,164589.71900826445,,,,,,,,,,1.0,0.0,,0.0,,,,,,0.0,,,,,,,,,,,,0.0,,,,0.0,,0.0,0.0,,,0.0,0.0,1.0,,,,,,,,,,,,1.0,,,,,,,,,,,,,,,,,-1.2,0.0,,0.6,0.7,0.6,0.0,0.0,0.2722362247172591,0.4405139451660513,-0.2116076317677212,0.0,0.0,0.0,0.0,0.0,0.0,-0.0,True,True,True,True,3,3,True,0.6805905617931478,1.2586112719030038,-0.8464305270708848,,,,0.0,False,0.5011425381155892,False,20,neutral,sector,neutral
CIS.XETRA,,,DE,268474236928.0,0.0209,0.0209,0.015755785327424943,0.036655785327424945,0.30083980014882533,46843000000.0,24236400000.0,1687200000.0,72766600000.0,0.27103755217866476,Technology,Communication Equipment,XETRA,EUR,Euro,Cisco Systems Inc,Common Stock,Germany,,3998000000.0,67.15213529964983,74.03,62.4492,0.9070935472058601,-0.0929064527941399,1.0753081752792644,1.0,8.0,56654000000.0,86200.0,657238.9791183295,426798.1438515081,,,,,,,,,,1.0,0.0,,0.0,,,,,,0.0,,,,,,,,,,,,0.0,,,,0.0,,0.0,0.0,,,0.0,0.0,1.0,,,,,,,,,,,,1.0,,,,,,,,,,,,,,,,,-1.2,0.0,,0.6,0.7,0.6,0.0,0.0,0.546453891205006,0.05496968263213866,-0.11278886233471273,0.0,0.0,0.0,0.0,0.0,0.0,-0.0,True,True,True,True,3,3,True,1.366134728012515,0.15705623609182476,-0.45115544933885093,,,,0.0,False,0.4886347115024319,False,21,neutral,sector,neutral
NOA3.XETRA,,,DE,38307348480.0,0.0173,0.0173,0.005030554534469434,0.022330554534469433,0.22259754767667633,20967000000.0,13492600000.0,1798000000.0,36257600000.0,0.9464920293016323,Technology,Communication Equipment,XETRA,EUR,Euro,Nokia Corporation,Common Stock,Germany,,5502781000.0,6.961452487387741,7.53,5.0243,0.9244956822560081,-0.07550431774399191,1.3855566919546487,1.0,6.0,19889000000.0,78005.0,254970.83520287162,107287.99435933593,,,,,,,,,,1.0,0.0,,0.0,,,,,,0.0,,,,,,,,,,,,0.0,,,,0.0,,0.0,0.0,,,0.0,0.0,1.0,,,,,,,,,,,,1.0,,,,,,,,,,,,,,,,,-1.2,0.0,,0.6,0.7,0.6,0.0,0.0,0.25463833981497136,-0.2002900636528094,0.43389851744996255,0.0,0.0,0.0,0.0,0.0,0.0,-0.0,True,True,True,True,3,3,True,0.6365958495374284,-0.5722573247223126,1.7355940697998502,,,,0.0,False,0.48824679361212453,False,22,neutral,sector,neutral
LOM.XETRA,,,DE,125368492032.0,0.0212,0.0212,0.023829431438127102,0.0450294314381271,0.12732286096256684,6721000000.0,1880000000.0,,8601000000.0,0.06860575460861901,Industrials,Aerospace & Defense,XETRA,EUR,Euro,Lockheed Martin Corporation,Common Stock,Germany,,233500000.0,536.9100301156317,613.0,435.1657,0.8758728060613894,-0.1241271939386106,1.2338059505049035,1.0,6.0,75048000000.0,123000.0,610146.3414634146,61943.08943089431,,,,,,,,,,1.0,0.0,,0.0,,,,,,0.0,,,,,,,,,,,,0.0,,,,0.0,,0.0,0.0,,,0.0,0.0,1.0,,,,,,,,,,,,1.0,,,,,,,,,,,,,,,,,-1.2,0.0,,0.6,0.7,0.6,0.0,0.0,0.9541731921144008,-0.178407105952048,-0.2938931377342798,0.0,0.0,0.0,0.0,0.0,0.0,-0.0,True,True,True,True,3,3,True,2.385432980286002,-0.5097345884344229,-1.175572550937119,,,,0.0,False,0.481872948428073,False,23,neutral,sector,neutral
WCH.XETRA,,,DE,3770906880.0,0.0357,0.0357,0.0,0.0357,0.07476794976794977,3599400000.0,592220000.0,224670000.0,4416290000.0,1.171147986555425,Basic Materials,Specialty Chemicals,XETRA,EUR,Euro,Wacker Chemie AG,Common Stock,Germany,,49677983.0,75.90700451747406,85.45,68.4003,0.8883207082208784,-0.11167929177912161,1.109746660723331,1.0,5.0,5485000000.0,12545.0,437225.98644878436,52395.376644081305,,,,,,,,,,1.0,0.0,,0.0,,,,,,0.0,,,,,,,,,,,,0.0,,,,0.0,,0.0,0.0,,,0.0,0.0,1.0,,,,,,,,,,,,1.0,,,,,,,,,,,,,,,,,-1.2,0.0,,0.6,0.7,0.6,0.0,0.0,0.33433828061733933,-0.44560734370936356,0.5159531751061619,0.0,0.0,0.0,0.0,0.0,0.0,-0.0,True,True,True,True,3,3,True,0.8358457015433483,-1.2731638391696103,2.0638127004246476,,,,0.0,False,0.4046841120141377,False,24,neutral,sector,neutral
TEP.PA,,,FR,2877939712.0,0.0909,0.0,0.014471069936259018,0.014471069936259018,0.10471295409007754,4097000000.0,,140700000.0,4237700000.0,1.4724769884269209,Industrials,Specialty Business Services,PA,EUR,Euro,Teleperformance SE,Common Stock,France,,59167000.0,48.64096053543361,96.3163,64.8605,0.5050127604095423,-0.49498723959045765,0.7499319390913362,0.0,6.0,10209000000.0,446716.0,22853.446037303343,2690.7475890722517,,,,,,,,,,1.0,0.0,,0.0,,,,,,0.0,,,,,,,,,,,,0.0,,,,0.0,,0.0,0.0,,,0.0,0.0,1.0,,,,,,,,,,,,1.0,,,,,,,,,,,,,,,,,-1.2,0.0,,0.6,0.7,0.6,0.0,0.0,0.09623416025023511,-0.2808821911120635,0.5624479055826969,0.0,0.0,0.0,0.0,0.0,0.0,-0.0,True,True,True,True,3,3,True,0.24058540062558775,-0.8025205460344671,2.2497916223307874,,,,0.0,False,0.3777998747208685,False,25,neutral,sector,neutral
GIS.XETRA,,,DE,147157991424.0,0.024,0.024,0.0,0.024,0.4324246421384647,22619541000.0,16907187000.0,3209700000.0,42736428000.0,0.2904118735683566,Healthcare,Drug Manufacturers - General,XETRA,EUR,Euro,Gilead Sciences Inc,Common Stock,Germany,,1255000000.0,117.25736368446215,131.258,105.7925,0.8933349867014745,-0.10666501329852551,1.1083712331636189,1.0,9.0,29445005000.0,17000.0,1732059.1176470588,1501455.1764705882,,,,,,,,,,1.0,0.0,,0.0,,,,,,0.0,,,,,,,,,,,,0.0,,,,0.0,,0.0,0.0,,,0.0,0.0,1.0,,,,,,,,,,,,1.0,,,,,,,,,,,,,,,,,-1.2,0.0,,0.6,0.7,0.6,0.0,0.0,0.13413008987067726,0.5369031822397727,-0.31060631907952957,0.0,0.0,0.0,0.0,0.0,0.0,-0.0,True,True,True,True,3,3,True,0.3353252246766931,1.5340090921136365,-1.2424252763181183,,,,0.0,False,0.36042695303092037,False,26,neutral,sector,neutral
ZEG.XETRA,,,DE,253226680320.0,0.0169,0.0169,0.000639795265515053,0.01753979526551505,0.4217087153952697,48667000000.0,37559400000.0,11743600000.0,97970000000.0,0.3868865629648357,Healthcare,Drug Manufacturers - General,XETRA,EUR,Euro,AstraZeneca PLC,Common Stock,Germany,,1562000000.0,162.1169528297055,166.3,144.9105,0.9748463790120594,-0.025153620987940606,1.1187384822335544,1.0,8.0,58739000000.0,96100.0,611227.8876170656,500582.72632674297,,,,,,,,,,1.0,0.0,,0.0,,,,,,0.0,,,,,,,,,,,,0.0,,,,0.0,,0.0,0.0,,,0.0,0.0,1.0,,,,,,,,,,,,1.0,,,,,,,,,,,,,,,,,-1.2,0.0,,0.6,0.7,0.6,0.0,0.0,-0.0034849247373342565,0.5257769897583341,-0.18678826343302715,0.0,0.0,0.0,0.0,0.0,0.0,-0.0,True,True,True,True,3,3,True,-0.008712311843335641,1.5022199707380974,-0.7471530537321086,,,,0.0,False,0.33550380158797266,False,27,neutral,sector,neutral
BAIN.PA,,,FR,3113615872.0,0.0137,0.0137,0.0,0.0137,0.3143346586100789,1642822000.0,,211843600.0,1854665600.0,0.5956629450275361,Consumer Cyclical,Resorts & Casinos,PA,EUR,Euro,Bains Mer Monaco,Common Stock,France,,24516661.0,126.99999694085585,134.5,112.1025,0.9442378954710472,-0.055762104528952805,1.1328917458652201,1.0,7.0,768026000.0,5363.0,143208.2789483498,128476.59891851575,,,,,,,,,,1.0,0.0,,0.0,,,,,,0.0,,,,,,,,,,,,0.0,,,,0.0,,0.0,0.0,,,0.0,0.0,1.0,,,,,,,,,,,,1.0,,,,,,,,,,,,,,,,,-1.2,0.0,,0.6,0.7,0.6,0.0,0.0,0.15368716422178536,0.07467420314584038,0.09276491085754175,0.0,0.0,0.0,0.0,0.0,0.0,-0.0,True,True,True,True,3,3,True,0.38421791055446336,0.21335486613097251,0.371059643430167,,,,0.0,False,0.3211262782251675,False,28,neutral,sector,neutral
2M6.XETRA,,,DE,97563492352.0,0.0326,0.0,0.03029619606074274,0.03029619606074274,0.23892888307155322,48024000000.0,8134600000.0,6443400000.0,62602000000.0,0.6416539475046446,Healthcare,Medical Devices,XETRA,EUR,Euro,Medtronic PLC,Common Stock,Germany,,1289900000.0,75.63647751918754,90.8235,81.2357,0.8327853200899276,-0.16721467991007244,0.9310743616314938,0.0,6.0,33537000000.0,95000.0,353021.05263157893,230578.94736842104,,,,,,,,,,1.0,0.0,,0.0,,,,,,0.0,,,,,,,,,,,,0.0,,,,0.0,,0.0,0.0,,,0.0,0.0,1.0,,,,,,,,,,,,1.0,,,,,,,,,,,,,,,,,-1.2,0.0,,0.6,0.7,0.6,0.0,0.0,0.2682513984801166,-0.10681523951391651,0.14018663944771936,0.0,0.0,0.0,0.0,0.0,0.0,-0.0,True,True,True,True,3,3,True,0.6706284962002914,-0.30518639861119007,0.5607465577908775,,,,0.0,False,0.3016227984139194,False,29,neutral,sector,neutral
JUN3.XETRA,,,DE,3169554432.0,0.0254,0.0,0.0,0.0,0.2423874495676425,2436302000.0,359680400.0,117366100.0,2913348500.0,0.9191665776699304,Industrials,Specialty Industrial Machinery,XETRA,EUR,Euro,Jungheinrich AG O.N.VZO,Common Stock,Germany,,102000000.0,31.07406305882353,42.84,32.4473,0.7253516120173559,-0.2746483879826441,0.9576779287898695,0.0,6.0,5391884000.0,21325.0,252843.32942555685,81023.44665885111,,,,,,,,,,1.0,0.0,,0.0,,,,,,0.0,,,,,,,,,,,,0.0,,,,0.0,,0.0,0.0,,,0.0,0.0,1.0,,,,,,,,,,,,1.0,,,,,,,,,,,,,,,,,-1.2,0.0,,0.6,0.7,0.6,0.0,0.0,-0.3175692169201372,0.3431011683944657,0.2742348029933754,0.0,0.0,0.0,0.0,0.0,0.0,-0.0,True,True,True,True,3,2,True,-0.7939230423003428,0.9802890525556163,1.0969392119735015,,,,0.0,False,0.2997667544677039,False,30,neutral,sector,neutral
AALB.AS,,,NL,3051712000.0,0.0414,0.0,0.01090222123090856,0.01090222123090856,0.1853453259034891,2424100000.0,,48630000.00000001,2472730000.0,0.8102763301386239,Industrials,Specialty Industrial Machinery,AS,EUR,Euro,Aalberts Industries NV,Common Stock,Netherlands,,109559000.0,27.854507616900484,36.3,30.2127,0.7673418076281125,-0.23265819237188745,0.9219469831196975,0.0,5.0,3090800000.0,11859.0,260629.05809933384,67594.23222868708,,,,,,,,,,1.0,0.0,,0.0,,,,,,0.0,,,,,,,,,,,,0.0,,,,0.0,,0.0,0.0,,,0.0,0.0,1.0,,,,,,,,,,,,1.0,,,,,,,,,,,,,,,,,-1.2,0.0,,0.6,0.7,0.6,0.0,0.0,-0.005817840976282698,0.0845686360334118,0.20086082838030686,0.0,0.0,0.0,0.0,0.0,0.0,-0.0,True,True,True,True,3,3,True,-0.014544602440706744,0.2416246743811766,0.8034433135212274,,,,0.0,False,0.27961162343743595,False,31,neutral,sector,neutral
ML.PA,,,FR,20457502720.0,0.0372,0.0,0.005393606337871004,0.005393606337871004,0.2004397738306014,18072000000.0,1696000000.0,1371100000.0,21139100000.0,1.0333177166992942,Consumer Cyclical,Automobiles & Auto Parts,PA,EUR,Euro,Compagnie Generale des Etablissements Michelin SCA,Common Stock,France,,713093000.0,28.688407711196156,34.7,30.4301,0.8267552654523387,-0.17324473454766132,0.9427641615110091,0.0,6.0,25992000000.0,118400.0,219527.02702702704,59282.09459459459,,,,,,,,,,1.0,0.0,,0.0,,,,,,0.0,,,,,,,,,,,,0.0,,,,0.0,,0.0,0.0,,,0.0,0.0,1.0,,,,,,,,,,,,1.0,,,,,,,,,,,,,,,,,-1.2,0.0,,0.6,0.7,0.6,0.0,0.0,0.05993407848098055,-0.29099359981155504,0.4932732816655914,0.0,0.0,0.0,0.0,0.0,0.0,-0.0,True,True,True,True,3,3,True,0.14983519620245137,-0.8314102851758716,1.9730931266623657,,,,0.0,False,0.2622137603350169,False,32,neutral,sector,neutral
ACR.XETRA,,,DE,9421151232.0,0.0317,0.0,0.0391668580475083,0.0391668580475083,0.25391689373297005,4285000000.0,,,4285000000.0,0.45482764202378106,Consumer Cyclical,Lodging,XETRA,EUR,Euro,Accor SA,Common Stock,Germany,,234124021.0,40.24000267789694,50.0,44.9514,0.8048000535579388,-0.19519994644206118,0.8951890859438625,0.0,6.0,5639000000.0,20430.0,276015.66324033285,145961.82085168868,,,,,,,,,,1.0,0.0,,0.0,,,,,,0.0,,,,,,,,,,,,0.0,,,,0.0,,0.0,0.0,,,0.0,0.0,1.0,,,,,,,,,,,,1.0,,,,,,,,,,,,,,,,,-1.2,0.0,,0.6,0.7,0.6,0.0,0.0,0.44112797466189524,-0.11930142082519993,-0.07379602442294667,0.0,0.0,0.0,0.0,0.0,0.0,-0.0,True,True,True,True,3,3,True,1.102819936654738,-0.3408612023577141,-0.29518409769178666,,,,0.0,False,0.24803052941374867,False,33,neutral,sector,neutral
ITB.XETRA,,,DE,27309850624.0,0.0521,0.0521,0.04954800320402797,0.10164800320402798,0.24384468048058505,4824000000.0,,575300000.0,5399300000.0,0.1977052190558331,Consumer Defensive,Tobacco,XETRA,EUR,Euro,Imperial Brands PLC,Common Stock,Germany,,830600000.0,32.87966605345533,38.1,35.579,0.8629833609830795,-0.13701663901692052,0.9241312587047228,1.0,6.0,32171000000.0,25100.0,1281713.1474103585,278964.14342629485,,,,,,,,,,1.0,0.0,,0.0,,,,,,0.0,,,,,,,,,,,,0.0,,,,0.0,,0.0,0.0,,,0.0,0.0,1.0,,,,,,,,,,,,1.0,,,,,,,,,,,,,,,,,-1.2,0.0,,0.6,0.7,0.6,0.0,0.0,0.6605942692824341,-0.20426078401909442,-0.22324369407491715,0.0,0.0,0.0,0.0,0.0,0.0,-0.0,True,True,True,True,3,3,True,1.6514856732060852,-0.5836022400545555,-0.8929747762996686,,,,0.0,False,0.23308979118842257,False,34,neutral,sector,neutral
VPK.AS,,,NL,4492799488.0,0.042,0.0,0.04469008726666057,0.04469008726666057,0.04371853643445735,3265900000.0,,14470000.0,3280370000.0,0.7301394172523552,Energy,Oil & Gas Midstream,AS,EUR,Euro,Koninklijke Vopak NV,Common Stock,Netherlands,,115488000.0,38.902738708783595,48.56,40.1001,0.801127238648756,-0.198872761351244,0.9701406906412602,0.0,6.0,1298900000.0,4794.0,270942.8452231957,64851.89820609095,,,,,,,,,,1.0,0.0,,0.0,,,,,,0.0,,,,,,,,,,,,0.0,,,,0.0,,0.0,0.0,,,0.0,0.0,1.0,,,,,,,,,,,,1.0,,,,,,,,,,,,,,,,,-1.2,0.0,,0.6,0.7,0.6,0.0,0.0,0.4947913596578931,-0.4521624344446046,0.173351666139373,0.0,0.0,0.0,0.0,0.0,0.0,-0.0,True,True,True,True,3,3,True,1.2369783991447327,-1.2918926698417275,0.693406664557492,,,,0.0,False,0.21598059135266154,False,35,neutral,sector,neutral
SAP.XETRA,,,DE,179640631296.0,0.0163,0.0,0.004237288135593209,0.004237288135593209,0.3843125550723402,44752000000.0,19149400000.0,3438400000.0,67339800000.0,0.3748584021008138,Technology,Software - Application,XETRA,EUR,Euro,SAP SE,Common Stock,Germany,,1175000000.0,152.8856436561702,273.55,216.9587,0.5588946944111504,-0.44110530558884964,0.7046762524672677,0.0,9.0,36800000000.0,110650.0,332580.2078626299,244383.1902394939,,,,,,,,,,1.0,0.0,,0.0,,,,,,0.0,,,,,,,,,,,,0.0,,,,0.0,,0.0,0.0,,,0.0,0.0,1.0,,,,,,,,,,,,1.0,,,,,,,,,,,,,,,,,-1.2,0.0,,0.6,0.7,0.6,0.0,0.0,-0.11859248622001586,0.3272935686433005,-0.028760181893195944,0.0,0.0,0.0,0.0,0.0,0.0,-0.0,True,True,True,True,3,3,True,-0.29648121555003965,0.9351244818380016,-0.11504072757278377,,,,0.0,False,0.1799409005300887,False,36,neutral,sector,neutral
ASML.AS,,,NL,456228798464.0,0.0092,0.0092,0.011941056910569126,0.021141056910569125,0.34129247368816573,19612200000.0,11802520000.0,721800000.0,32136520000.0,0.0704394814798957,Technology,Semiconductor Equipment & Materials,AS,EUR,Euro,ASML Holding N.V.,Common Stock,Netherlands,,388900000.0,1173.126249586012,1312.8,886.7215,0.8936062230240798,-0.10639377697592023,1.3229929009119683,1.0,8.0,32667300000.0,43520.0,750627.2977941176,396553.3088235294,,,,,,,,,,1.0,0.0,,0.0,,,,,,0.0,,,,,,,,,,,,0.0,,,,0.0,,0.0,0.0,,,0.0,0.0,1.0,,,,,,,,,,,,1.0,,,,,,,,,,,,,,,,,-1.2,0.0,,0.6,0.7,0.6,0.0,0.0,0.23010119041653324,0.18694363350830326,-0.27514537542983064,0.0,0.0,0.0,0.0,0.0,0.0,-0.0,True,True,True,True,3,3,True,0.5752529760413331,0.5341246671665808,-1.1005815017193226,,,,0.0,False,0.14189944849500585,False,37,neutral,sector,neutral
AMG.XETRA,,,DE,162906243072.0,0.0289,0.0289,-0.001848428835489857,0.02705157116451014,0.3347978749156798,8658590000.0,17562489000.0,3888700000.0,30109779000.0,0.18482888336386422,Healthcare,Drug Manufacturers - General,XETRA,EUR,Euro,Amgen Inc.,Common Stock,Germany,,542000000.0,300.56502411808117,333.0,272.117,0.9025976700242678,-0.09740232997573217,1.1045433549468837,1.0,7.0,36753503000.0,31500.0,1166777.873015873,962859.2380952381,,,,,,,,,,1.0,0.0,,0.0,,,,,,0.0,,,,,,,,,,,,0.0,,,,0.0,,0.0,0.0,,,0.0,0.0,1.0,,,,,,,,,,,,1.0,,,,,,,,,,,,,,,,,-1.2,0.0,,0.6,0.7,0.6,0.0,0.0,0.19913453286298288,0.2249827411372024,-0.3512586828391202,0.0,0.0,0.0,0.0,0.0,0.0,-0.0,True,True,True,True,3,3,True,0.4978363321574572,0.6428078318205783,-1.4050347313564808,,,,0.0,False,0.07285859116106508,False,38,neutral,sector,neutral
BMT.XETRA,,,DE,107380989952.0,0.0565,0.0565,0.01168539325842699,0.06818539325842699,0.19566291517979686,47926000000.0,707000000.0,847700000.0000002,49480700000.0,0.46079571460570623,Consumer Defensive,Tobacco,XETRA,EUR,Euro,British American Tobacco p.l.c,Common Stock,Germany,,2199000000.0,48.831737131423374,53.5,47.4238,0.9127427501200631,-0.08725724987993688,1.029688408171074,1.0,7.0,25610000000.0,47797.0,535807.6866748959,447392.09573822626,,,,,,,,,,1.0,0.0,,0.0,,,,,,0.0,,,,,,,,,,,,0.0,,,,0.0,,0.0,0.0,,,0.0,0.0,1.0,,,,,,,,,,,,1.0,,,,,,,,,,,,,,,,,-1.2,0.0,,0.6,0.7,0.6,0.0,0.0,0.41926343507003844,-0.2909233482185537,-0.058834014078123,0.0,0.0,0.0,0.0,0.0,0.0,-0.0,True,True,True,True,3,3,True,1.048158587675096,-0.8312095663387249,-0.235336056312492,,,,0.0,False,0.06950607277336174,False,39,neutral,sector,neutral
INPST.AS,,,NL,7508969472.0,0.0,0.0,0.008683288432928649,0.008683288432928649,0.20030663492280978,3176509687.0,13260000.0,472440000.00000006,3662209687.0,0.48771135648585573,Industrials,Integrated Freight & Logistics,AS,EUR,Euro,Inpost SA,Common Stock,Netherlands,,497698323.0,15.087391548233125,16.33,12.2765,0.9239064022188075,-0.07609359778119251,1.2289652220285199,1.0,6.0,14635601404.0,12055.0,1214068.9675653256,286838.5658233098,,,,,,,,,,1.0,0.0,,0.0,,,,,,0.0,,,,,,,,,,,,0.0,,,,0.0,,0.0,0.0,,,0.0,0.0,1.0,,,,,,,,,,,,1.0,,,,,,,,,,,,,,,,,-1.2,0.0,,0.6,0.7,0.6,0.0,0.0,-0.06926870463478278,0.15237791205151324,-0.016494487861936937,0.0,0.0,0.0,0.0,0.0,0.0,-0.0,True,True,True,True,3,3,True,-0.17317176158695696,0.43536546300432355,-0.06597795144774775,,,,0.0,False,0.06661471955479352,False,40,neutral,sector,neutral
MC.PA,,,FR,231371702272.0,0.0284,0.0,0.0034121769689061665,0.0034121769689061665,0.3768595506804565,67472000000.0,98200000.0,3595600000.0,71165800000.0,0.30758212564965126,Consumer Cyclical,Luxury Goods,PA,EUR,Euro,LVMH Moët Hennessy - Louis Vuitton,Common Stock,France,,497976000.0,464.6242033190355,654.3,544.3085,0.710108823657398,-0.289891176342602,0.8536045336771987,0.0,6.0,80807000000.0,196647.0,410924.1432617838,272203.4915355942,,,,,,,,,,1.0,0.0,,0.0,,,,,,0.0,,,,,,,,,,,,0.0,,,,0.0,,0.0,0.0,,,0.0,0.0,1.0,,,,,,,,,,,,1.0,,,,,,,,,,,,,,,,,-1.2,0.0,,0.6,0.7,0.6,0.0,0.0,0.0375699665602007,0.2754149120704869,-0.2479380924985883,0.0,0.0,0.0,0.0,0.0,0.0,-0.0,True,True,True,True,3,3,True,0.09392491640050175,0.7868997487728198,-0.9917523699943532,,,,0.0,False,0.06504678613209927,False,41,neutral,sector,neutral
FOO.XETRA,,,DE,158722768896.0,0.0089,0.0,0.00932642487046631,0.00932642487046631,0.2783491365403545,59199400000.0,16251816000.0,5725600000.0,81176816000.0,0.5114377512730358,Technology,Software - Application,XETRA,EUR,Euro,Salesforce.com Inc,Common Stock,Germany,,956000000.0,166.0280009372385,266.8649,205.6628,0.6221425183200882,-0.37785748167991184,0.807282605007996,0.0,6.0,41565302000.0,83334.0,498779.6337629299,375481.0641514868,,,,,,,,,,1.0,0.0,,0.0,,,,,,0.0,,,,,,,,,,,,0.0,,,,0.0,,0.0,0.0,,,0.0,0.0,1.0,,,,,,,,,,,,1.0,,,,,,,,,,,,,,,,,-1.2,0.0,,0.6,0.7,0.6,0.0,0.0,-0.013612950436490405,-0.018404496984200068,0.08178199239172662,0.0,0.0,0.0,0.0,0.0,0.0,-0.0,True,True,True,True,3,3,True,-0.03403237609122601,-0.05258427709771449,0.3271279695669065,,,,0.0,False,0.04976454497103615,False,42,neutral,sector,neutral
TKA.XETRA,,,DE,4913020416.0,0.0196,0.0,0.0,0.0,0.12314569536423842,9767000000.0,753200000.0,1004500000.0,11524700000.0,2.3457464093713223,Industrials,Conglomerates,XETRA,EUR,Euro,thyssenkrupp AG,Common Stock,Germany,,622531741.0,7.891999865112099,12.475,9.9329,0.6326252396883446,-0.3673747603116554,0.7945312914770206,0.0,7.0,32837000000.0,92254.0,355941.20580137445,40312.61517115789,,,,,,,,,,1.0,0.0,,0.0,,,,,,0.0,,,,,,,,,,,,0.0,,,,0.0,,0.0,0.0,,,0.0,0.0,1.0,,,,,,,,,,,,1.0,,,,,,,,,,,,,,,,,-1.2,0.0,,0.6,0.7,0.6,0.0,0.0,-0.3175692169201372,-0.19733931132689767,0.5624479055826969,0.0,0.0,0.0,0.0,0.0,0.0,-0.0,True,True,True,True,3,2,True,-0.7939230423003428,-0.5638266037911362,2.2497916223307874,,,,0.0,False,0.04753937733566205,False,43,neutral,sector,neutral
2U3.XETRA,,,DE,31283122176.0,0.0,0.0,0.01453329308233664,0.01453329308233664,0.18206306449057202,22014000000.0,2636800000.0,2005600000.0,26656400000.0,0.852101649254512,Healthcare,Medical Instruments & Supplies,XETRA,EUR,Euro,Alcon Inc.,Common Stock,Germany,,487427920.0,64.1799964515779,74.62,69.0474,0.8600910808305803,-0.13990891916941972,0.9295063456636732,1.0,5.0,10401000000.0,25942.0,400932.8502043019,221455.5546989438,,,,,,,,,,1.0,0.0,,0.0,,,,,,0.0,,,,,,,,,,,,0.0,,,,0.0,,0.0,0.0,,,0.0,0.0,1.0,,,,,,,,,,,,1.0,,,,,,,,,,,,,,,,,-1.2,0.0,,0.6,0.7,0.6,0.0,0.0,-0.0675293101495408,-0.30362510900664946,0.4102805408528543,0.0,0.0,0.0,0.0,0.0,0.0,-0.0,True,True,True,True,3,3,True,-0.168823275373852,-0.86750031144757,1.6411221634114173,,,,0.0,False,0.03912612169666402,False,44,neutral,sector,neutral
RHM.XETRA,,,DE,68623798272.0,0.0077,0.0,0.0,0.0,0.3047373660479007,5011000000.0,866600000.0,105700000.0,5983300000.0,0.0871898692678647,Industrials,Aerospace & Defense,XETRA,EUR,Euro,Rheinmetall AG,Common Stock,Germany,,46660000.0,1470.7200658379768,2008.0,1716.775,0.7324303116722992,-0.2675696883277008,0.8566760733572988,0.0,6.0,9935000000.0,31923.0,311217.6173918491,163017.2602825549,,,,,,,,,,1.0,0.0,,0.0,,,,,,0.0,,,,,,,,,,,,0.0,,,,0.0,,0.0,0.0,,,0.0,0.0,1.0,,,,,,,,,,,,1.0,,,,,,,,,,,,,,,,,-1.2,0.0,,0.6,0.7,0.6,0.0,0.0,-0.3175692169201372,0.6256902580827799,-0.2863795703315325,0.0,0.0,0.0,0.0,0.0,0.0,-0.0,True,True,True,True,3,2,True,-0.7939230423003428,1.7876864516650857,-1.14551828132613,,,,0.0,False,0.02174147083111022,False,45,neutral,sector,neutral
ABEA.XETRA,,,DE,3151268675584.0,0.0028,0.0028,0.017433919820036947,0.020233919820036948,0.4038882469678189,415293285000.0,149920561000.0,19532600000.0,584746446000.0,0.18555905769971628,Communication Services,Internet Content & Information,XETRA,EUR,Euro,Alphabet Inc Class A,Common Stock,Germany,,12230000000.0,257.6671034819297,295.8922,225.3896,0.8708141123082315,-0.12918588769176853,1.14320759911695,1.0,6.0,402989447000.0,190820.0,2111882.6485693324,1260053.3277434232,,,,,,,,,,1.0,0.0,,0.0,,,,,,0.0,,,,,,,,,,,,0.0,,,,0.0,,0.0,0.0,,,0.0,0.0,1.0,,,,,,,,,,,,1.0,,,,,,,,,,,,,,,,,-1.2,0.0,,0.6,0.7,0.6,0.0,0.0,-0.216838195028193,0.5363762222674622,-0.2993350687352283,0.0,0.0,0.0,0.0,0.0,0.0,-0.0,True,True,True,True,3,3,True,-0.5420954875704824,1.5325034921927492,-1.1973402749409132,,,,0.0,False,0.020202958504040858,False,46,neutral,sector,neutral
BIM.PA,,,FR,10509711360.0,0.0108,0.0,-0.002322255987437849,-0.002322255987437849,0.3842359230093099,4102100000.0,1432460000.0,425620000.0,5960180000.0,0.5671116737500962,Healthcare,Diagnostics & Research,PA,EUR,Euro,Biomerieux SA,Common Stock,France,,119012000.0,88.30799717675528,128.3,110.6798,0.6882930411282562,-0.3117069588717438,0.7978691430302122,0.0,5.0,4069800000.0,14562.0,279480.84054388135,147095.17923362175,,,,,,,,,,1.0,0.0,,0.0,,,,,,0.0,,,,,,,,,,,,0.0,,,,0.0,,0.0,0.0,,,0.0,0.0,1.0,,,,,,,,,,,,1.0,,,,,,,,,,,,,,,,,-1.2,0.0,,0.6,0.7,0.6,0.0,0.0,-0.42658552071838485,0.3960854533829903,0.04451720057731725,0.0,0.0,0.0,0.0,0.0,0.0,-0.0,True,True,True,True,3,2,True,-1.066463801795962,1.1316727239514008,0.178068802309269,,,,0.0,False,0.014017133241922684,False,47,neutral,sector,neutral
CPA.XETRA,,,DE,58865688576.0,0.025,0.0,0.0146987366375122,0.0146987366375122,0.7502143429057372,54004000.0,395200000.0,3875500000.0,4324704000.0,0.07346731355085542,Consumer Defensive,Household & Personal Products,XETRA,EUR,Euro,Colgate-Palmolive Company,Common Stock,Germany,,811100000.0,72.57513078042165,85.7676,72.3639,0.8461835329474259,-0.15381646705257412,1.0029190076878338,0.0,5.0,20383388289.0,33600.0,606648.4609821428,364637.930297619,,,,,,,,,,1.0,0.0,,0.0,,,,,,0.0,,,,,,,,,,,,0.0,,,,0.0,,0.0,0.0,,,0.0,0.0,1.0,,,,,,,,,,,,1.0,,,,,,,,,,,,,,,,,-1.2,0.0,,0.6,0.7,0.6,0.0,0.0,-0.31425887342571834,0.5934442965136142,-0.2706281035883255,0.0,0.0,0.0,0.0,0.0,0.0,-0.0,True,True,True,True,3,3,True,-0.7856471835642957,1.6955551328960405,-1.082512414353302,,,,0.0,False,0.008557319499570337,False,48,neutral,sector,neutral
NEX.PA,,,FR,5054509568.0,0.0258,0.0,0.01815555555555559,0.01815555555555559,0.1128670980587357,1995000000.0,229400000.0,275200000.0,2499600000.0,0.4945286909386656,Industrials,Electrical Equipment & Parts,PA,EUR,Euro,Nexans S.A.,Common Stock,France,,44183000.0,114.3994198673698,145.3,124.0068,0.787332552425119,-0.21266744757488099,0.9225253765710413,0.0,6.0,7810000000.0,12669.0,616465.3879548504,71592.07514405242,,,,,,,,,,1.0,0.0,,0.0,,,,,,0.0,,,,,,,,,,,,0.0,,,,0.0,,0.0,0.0,,,0.0,0.0,1.0,,,,,,,,,,,,1.0,,,,,,,,,,,,,,,,,-1.2,0.0,,0.6,0.7,0.6,0.0,0.0,0.2015928240612911,-0.24392509074417182,-0.011900734643353674,0.0,0.0,0.0,0.0,0.0,0.0,-0.0,True,True,True,True,3,3,True,0.5039820601532277,-0.6969288306976338,-0.047602938573414695,,,,0.0,False,-0.054233001326234404,False,49,neutral,sector,neutral
WMT.XETRA,,,DE,826738147328.0,0.0081,0.0081,0.0073010765994308,0.0154010765994308,0.6244748275928736,99713683000.0,,41073900000.00001,140787583000.0,0.17029283510749135,Consumer Defensive,Discount Stores,XETRA,EUR,Euro,Walmart Inc,Common Stock,Germany,,8022000000.0,103.05885656045874,113.3479,92.9015,0.9092259897224275,-0.09077401027757248,1.1093346884652964,1.0,7.0,713855158000.0,2100000.0,339931.0276190476,84733.58666666667,,,,,,,,,,1.0,0.0,,0.0,,,,,,0.0,,,,,,,,,,,,0.0,,,,0.0,,0.0,0.0,,,0.0,0.0,1.0,,,,,,,,,,,,1.0,,,,,,,,,,,,,,,,,-1.2,0.0,,0.6,0.7,0.6,0.0,0.0,-0.30462690046717855,0.4803630431578797,-0.24037415431247358,0.0,0.0,0.0,0.0,0.0,0.0,-0.0,True,True,True,True,3,3,True,-0.7615672511679463,1.372465837593942,-0.9614966172498943,,,,0.0,False,-0.06463801162177243,False,50,neutral,sector,neutral
HO.PA,,,FR,49139585024.0,0.0161,0.0161,0.0006892501249872174,0.016789250124987217,0.14948640545109998,7968400000.0,3642200000.0,892690000.0,12503290000.0,0.2544443546662703,Industrials,Aerospace & Defense,PA,EUR,Euro,Thales S.A.,Common Stock,France,,205879000.0,238.68187150705026,278.0912,244.5055,0.8582863158095266,-0.14171368419047337,0.9761820143393513,1.0,9.0,22136400000.0,84958.0,260556.98109654183,68895.21881400222,,,,,,,,,,1.0,0.0,,0.0,,,,,,0.0,,,,,,,,,,,,0.0,,,,0.0,,0.0,0.0,,,0.0,0.0,1.0,,,,,,,,,,,,1.0,,,,,,,,,,,,,,,,,-1.2,0.0,,0.6,0.7,0.6,0.0,0.0,0.1625230245298286,-0.07795507305695762,-0.17367777523260816,0.0,0.0,0.0,0.0,0.0,0.0,-0.0,True,True,True,True,3,3,True,0.4063075613245715,-0.22272878016273606,-0.6947111009304326,,,,0.0,False,-0.08910982375973717,False,51,neutral,sector,neutral
NDA.XETRA,,,DE,6583782400.0,0.0104,0.0104,0.0,0.0104,0.11098729663472254,5013000000.0,28129000.0,94460200.0,5135589200.0,0.7800362903852959,Industrials,Metal Fabrication,XETRA,EUR,Euro,Aurubis AG,Common Stock,Germany,,43659000.0,150.80011910488102,176.2,118.391,0.8558463059300853,-0.14415369406991474,1.2737464765470434,1.0,6.0,18171000000.0,7228.0,2513973.436635307,137797.45434421694,,,,,,,,,,1.0,0.0,,0.0,,,,,,0.0,,,,,,,,,,,,0.0,,,,0.0,,0.0,0.0,,,0.0,0.0,1.0,,,,,,,,,,,,1.0,,,,,,,,,,,,,,,,,-1.2,0.0,,0.6,0.7,0.6,0.0,0.0,-0.020178965782673364,-0.25244493171901694,0.18048405489082656,0.0,0.0,0.0,0.0,0.0,0.0,-0.0,True,True,True,True,3,3,True,-0.0504474144566834,-0.7212712334829056,0.7219362195633062,,,,0.0,False,-0.09213984261086375,False,52,neutral,sector,neutral
ADM.XETRA,,,DE,28397475840.0,0.031,0.031,0.018255578093306246,0.049255578093306246,0.09606978636740997,22741549000.0,489400000.0,2169500000.0,25400449000.0,0.8944615057730427,Consumer Defensive,Farm Products,XETRA,EUR,Euro,Archer-Daniels-Midland Company,Common Stock,Germany,,484000000.0,58.672470743801654,66.7,52.2573,0.8796472375382557,-0.12035276246174431,1.1227612361105845,1.0,5.0,80274467402.0,40798.0,1967607.9072993775,123372.29312711407,,,,,,,,,,1.0,0.0,,0.0,,,,,,0.0,,,,,,,,,,,,0.0,,,,0.0,,0.0,0.0,,,0.0,0.0,1.0,,,,,,,,,,,,1.0,,,,,,,,,,,,,,,,,-1.2,0.0,,0.6,0.7,0.6,0.0,0.0,0.15965772036384474,-0.46508897005832817,0.2121710399142683,0.0,0.0,0.0,0.0,0.0,0.0,-0.0,True,True,True,True,3,3,True,0.39914430090961184,-1.3288256287380806,0.8486841596570732,,,,0.0,False,-0.09326020978021513,False,53,neutral,sector,neutral
KHNZ.XETRA,,,DE,21629382656.0,0.073,0.0,0.023045267489711918,0.023045267489711918,0.10159440491037586,41664000000.0,167000000.0,2049500000.0,43880500000.0,2.0287449113961435,Consumer Defensive,Packaged Foods,XETRA,EUR,Euro,Kraft Heinz Co,Common Stock,Germany,,1187000000.0,18.221889347935974,26.7982,21.7186,0.6799669137455491,-0.3200330862544509,0.8389992609070555,0.0,5.0,24942000000.0,35000.0,712628.5714285715,237400.0,,,,,,,,,,1.0,0.0,,0.0,,,,,,0.0,,,,,,,,,,,,0.0,,,,0.0,,0.0,0.0,,,0.0,0.0,1.0,,,,,,,,,,,,1.0,,,,,,,,,,,,,,,,,-1.2,0.0,,0.6,0.7,0.6,0.0,0.0,-0.19979356627390477,-0.4601205177178172,0.5665874382611561,0.0,0.0,0.0,0.0,0.0,0.0,-0.0,True,True,True,True,3,3,True,-0.49948391568476186,-1.314630050622335,2.2663497530446244,,,,0.0,False,-0.09332664573056582,False,54,neutral,sector,neutral
DAP.XETRA,,,DE,117565267968.0,0.0083,0.0,0.028621812262615287,0.028621812262615287,0.17400316308849134,52537578000.0,4813508844.0,4747500000.0,62098586844.0,0.5282052081989262,Healthcare,Diagnostics & Research,XETRA,EUR,Euro,Danaher Corporation,Common Stock,Germany,,716100000.0,164.1743722496858,208.3,180.7245,0.7881630928933547,-0.21183690710664527,0.9084234414796323,0.0,5.0,24569673412.0,58000.0,423615.0588275862,250413.60710344827,,,,,,,,,,1.0,0.0,,0.0,,,,,,0.0,,,,,,,,,,,,0.0,,,,0.0,,0.0,0.0,,,0.0,0.0,1.0,,,,,,,,,,,,1.0,,,,,,,,,,,,,,,,,-1.2,0.0,,0.6,0.7,0.6,0.0,0.0,0.23258374392286543,-0.33152004101767524,-0.005416341025764623,0.0,0.0,0.0,0.0,0.0,0.0,-0.0,True,True,True,True,3,3,True,0.5814593598071636,-0.9472001171933578,-0.021665364103058492,,,,0.0,False,-0.10435263812057442,False,55,neutral,sector,neutral
SPG.XETRA,,,DE,4618527744.0,0.0,0.0,0.0,0.0,0.2986861151319452,1810700000.0,,115360000.0,1926060000.0,0.4170289985812414,Communication Services,Publishing,XETRA,EUR,Euro,Springer Nature AG & Co KGaA,Common Stock,Germany,,198888989.0,23.221636186204357,24.65,25.1301,0.9420542063368909,-0.057945793663109146,0.9240566566071905,1.0,8.0,1847100000.0,9200.0,200771.73913043478,174945.65217391305,,,,,,,,,,1.0,0.0,,0.0,,,,,,0.0,,,,,,,,,,,,0.0,,,,0.0,,0.0,0.0,,,0.0,0.0,1.0,,,,,,,,,,,,1.0,,,,,,,,,,,,,,,,,-1.2,0.0,,0.6,0.7,0.6,0.0,0.0,-0.30687523933243277,0.27751989347178074,-0.1324170129097362,0.0,0.0,0.0,0.0,0.0,0.0,-0.0,True,True,True,True,3,2,True,-0.7671880983310818,0.792913981347945,-0.5296680516389448,,,,0.0,False,-0.16177235877038823,False,56,neutral,sector,neutral
EBK.XETRA,,,DE,22124840960.0,0.0226,0.0226,0.0,0.0226,0.13982609832025725,10232900000.0,84780000.0,767080000.0,11084760000.0,0.5010097030772057,Utilities,Utilities - Diversified,XETRA,EUR,Euro,EnBW Energie Baden-Württemberg AG,Common Stock,Germany,,270855000.0,81.68518565284008,74.8,68.1855,1.092047936535295,0.09204793653529508,1.197984698401274,1.0,6.0,34524400000.0,29139.0,1184817.5984076324,308442.29383300734,,,,,,,,,,1.0,0.0,,0.0,,,,,,0.0,,,,,,,,,,,,0.0,,,,0.0,,0.0,0.0,,,0.0,0.0,1.0,,,,,,,,,,,,1.0,,,,,,,,,,,,,,,,,-1.2,0.0,,0.6,0.7,0.6,0.0,0.0,0.10053239274501458,-0.26321407420830467,-0.010809906277408821,0.0,0.0,0.0,0.0,0.0,0.0,-0.0,True,True,True,True,3,3,True,0.25133098186253644,-0.7520402120237276,-0.043239625109635284,,,,0.0,False,-0.17349158774069892,False,57,neutral,sector,neutral
HEN3.XETRA,,,DE,27927648256.0,0.028,0.0,0.013021027234289329,0.013021027234289329,0.31400125948361174,20494000000.0,1836400000.0,2439400000.0,24769800000.0,0.8869275269061881,Consumer Defensive,Household & Personal Products,XETRA,EUR,Euro,Henkel AG & Co. KGaA vz. (Pref Shares),Common Stock,Germany,,414407280.0,67.39178968091487,84.2,71.9838,0.8003775496545709,-0.19962245034542914,0.9362077256398643,0.0,8.0,20495000000.0,42200.0,485663.5071090047,248127.96208530807,,,,,,,,,,1.0,0.0,,0.0,,,,,,0.0,,,,,,,,,,,,0.0,,,,0.0,,0.0,0.0,,,0.0,0.0,1.0,,,,,,,,,,,,1.0,,,,,,,,,,,,,,,,,-1.2,0.0,,0.6,0.7,0.6,0.0,0.0,-0.33726717778018916,-0.0780730241080897,0.2074629296801327,0.0,0.0,0.0,0.0,0.0,0.0,-0.0,True,True,True,True,3,3,True,-0.8431679444504728,-0.2230657831659706,0.8298517187205308,,,,0.0,False,-0.20787727220814617,False,58,neutral,sector,neutral
KIN2.XETRA,,,DE,28446058496.0,0.005,0.0,0.008016984959141493,0.008016984959141493,0.2748005214472832,8560976043.0,,78080000.0,8639056043.0,0.30369958088270116,Basic Materials,Gold,XETRA,EUR,Euro,Kinross Gold Corporation,Common Stock,Germany,,1224607000.0,23.22872439566326,32.9595,21.597,0.7047656789594278,-0.29523432104057223,1.0755532896079667,0.0,8.0,7175021950.0,0.0,,,,,,,,,,,,1.0,0.0,,0.0,,,,,,0.0,,,,,,,,,,,,0.0,,,,0.0,,0.0,0.0,,,0.0,0.0,1.0,,,,,,,,,,,,1.0,,,,,,,,,,,,,,,,,-1.2,0.0,,0.6,0.7,0.6,0.0,0.0,-0.15974201790257225,0.115192426452625,-0.16939668096919291,0.0,0.0,0.0,0.0,0.0,0.0,-0.0,True,True,True,True,3,3,True,-0.39935504475643063,0.32912121843607145,-0.6775867238767717,,,,0.0,False,-0.21394627241914016,False,59,neutral,sector,neutral
PHI1.XETRA,,,DE,21984288768.0,0.0372,0.0,-0.031211803029444152,-0.031211803029444152,0.2990647268408551,10957000000.0,5434000000.0,365600000.0,16756600000.0,0.7622079648258012,Healthcare,Medical Devices,XETRA,EUR,Euro,Koninklijke Philips NV,Common Stock,Germany,,962503000.0,22.840748307278,27.57,23.6426,0.8284638486499094,-0.1715361513500906,0.9660844537943374,0.0,7.0,17834000000.0,61085.0,291953.8348203323,131914.54530572155,,,,,,,,,,1.0,0.0,,0.0,,,,,,0.0,,,,,,,,,,,,0.0,,,,0.0,,0.0,0.0,,,0.0,0.0,1.0,,,,,,,,,,,,1.0,,,,,,,,,,,,,,,,,-1.2,0.0,,0.6,0.7,0.6,0.0,0.0,-0.6112067023188237,0.10131203024862619,0.2949087133767302,0.0,0.0,0.0,0.0,0.0,0.0,-0.0,True,True,True,True,3,2,True,-1.528016755797059,0.2894629435675034,1.1796348535069208,,,,0.0,False,-0.21498595869346726,False,60,neutral,sector,neutral
XY6.XETRA,,,DE,25347491840.0,0.014,0.0,-0.002053388090349051,-0.002053388090349051,0.19706249415586474,11480782000.0,674215393.0,1134800000.0,13289797393.0,0.5243042379454613,Industrials,Specialty Industrial Machinery,XETRA,EUR,Euro,Xylem Inc,Common Stock,Germany,,244000000.0,103.88316327868853,132.3285,117.9353,0.7850399821556848,-0.21496001784431518,0.8808487643537476,0.0,6.0,9035615405.0,22000.0,410709.79113636364,157965.30427272728,,,,,,,,,,1.0,0.0,,0.0,,,,,,0.0,,,,,,,,,,,,0.0,,,,0.0,,0.0,0.0,,,0.0,0.0,1.0,,,,,,,,,,,,1.0,,,,,,,,,,,,,,,,,-1.2,0.0,,0.6,0.7,0.6,0.0,0.0,-0.37628629383086615,0.1376744635482258,0.008163047740268265,0.0,0.0,0.0,0.0,0.0,0.0,-0.0,True,True,True,True,3,2,True,-0.9407157345771653,0.393355610137788,0.03265219096107306,,,,0.0,False,-0.23044878254237208,False,61,neutral,sector,neutral
KER.PA,,,FR,30066374656.0,0.0107,0.0,0.004771265227895061,0.004771265227895061,0.19141858093341751,14706000000.0,,1734700000.0,16440700000.0,0.5468135147021831,Consumer Cyclical,Luxury Goods,PA,EUR,Euro,Kering SA,Common Stock,France,,122034000.0,246.37703145025156,352.7911,262.8099,0.6983652123034044,-0.3016347876965956,0.9374724142821543,0.0,5.0,14675000000.0,43731.0,335574.30655599,180261.14198166062,,,,,,,,,,1.0,0.0,,0.0,,,,,,0.0,,,,,,,,,,,,0.0,,,,0.0,,0.0,0.0,,,0.0,0.0,1.0,,,,,,,,,,,,1.0,,,,,,,,,,,,,,,,,-1.2,0.0,,0.6,0.7,0.6,0.0,0.0,0.05290980274629936,-0.3199567950696663,0.03499241611101561,0.0,0.0,0.0,0.0,0.0,0.0,-0.0,True,True,True,True,3,3,True,0.1322745068657484,-0.9141622716276181,0.13996966444406245,,,,0.0,False,-0.23205457621235132,False,62,neutral,sector,neutral
UWS.XETRA,,,DE,79457148928.0,0.0147,0.0147,-0.001983143282102029,0.01271685671789797,0.15989963993289255,9990680000.0,,1418300000.0,11408980000.0,0.14358657658781884,Industrials,Waste Management,XETRA,EUR,Euro,Waste Management Inc.,Common Stock,Germany,,404200000.0,196.57879497278574,214.2748,191.0188,0.9174144368483169,-0.08258556315168308,1.0291070563357416,1.0,7.0,25205716731.0,60500.0,416623.41704132233,121148.74715702479,,,,,,,,,,1.0,0.0,,0.0,,,,,,0.0,,,,,,,,,,,,0.0,,,,0.0,,0.0,0.0,,,0.0,0.0,1.0,,,,,,,,,,,,1.0,,,,,,,,,,,,,,,,,-1.2,0.0,,0.6,0.7,0.6,0.0,0.0,0.04607205356205718,-0.03075907634936842,-0.24837753925005054,0.0,0.0,0.0,0.0,0.0,0.0,-0.0,True,True,True,True,3,3,True,0.11518013390514295,-0.08788307528390978,-0.9935101570002022,,,,0.0,False,-0.23306456203736178,False,63,neutral,sector,neutral
AI.PA,,,FR,96816930816.0,0.0197,0.0197,-0.0005766877230186651,0.019123312276981334,0.1856380048311226,26213900000.0,1055600000.0,3069610000.0,30339110000.0,0.31336574857613797,Basic Materials,Specialty Chemicals,PA,EUR,Euro,Air Liquide SA,Common Stock,France,,576790000.0,167.85473190589295,186.22,171.4617,0.9013786484045374,-0.09862135159546259,0.9789634181038269,1.0,5.0,26940200000.0,63126.0,426768.6848525172,152664.51224535058,,,,,,,,,,1.0,0.0,,0.0,,,,,,0.0,,,,,,,,,,,,0.0,,,,0.0,,0.0,0.0,,,0.0,0.0,1.0,,,,,,,,,,,,1.0,,,,,,,,,,,,,,,,,-1.2,0.0,,0.6,0.7,0.6,0.0,0.0,0.03848124313164132,-0.13477845781698608,-0.1616275592379675,0.0,0.0,0.0,0.0,0.0,0.0,-0.0,True,True,True,True,3,3,True,0.0962031078291033,-0.3850813080485317,-0.64651023695187,,,,0.0,False,-0.25792477392331226,False,64,neutral,sector,neutral
MSF.XETRA,,,DE,2482778144768.0,0.0094,0.0,0.0005355469272995128,0.0005355469272995128,0.31323434619864526,343479000000.0,86361000000.0,4446200000.0,434286200000.0,0.1749194550125949,Technology,Software - Infrastructure,XETRA,EUR,Euro,Microsoft Corporation,Common Stock,Germany,,7465000000.0,332.5891687565975,489.0481,412.6513,0.680074554540949,-0.319925445459051,0.8059811486274185,0.0,6.0,281724000000.0,228000.0,1235631.5789473683,850407.8947368421,,,,,,,,,,1.0,0.0,,0.0,,,,,,0.0,,,,,,,,,,,,0.0,,,,0.0,,0.0,0.0,,,0.0,0.0,1.0,,,,,,,,,,,,1.0,,,,,,,,,,,,,,,,,-1.2,0.0,,0.6,0.7,0.6,0.0,0.0,-0.1949526026567594,0.09540600162896629,-0.1905832251960331,0.0,0.0,0.0,0.0,0.0,0.0,-0.0,True,True,True,True,3,3,True,-0.4873815066418985,0.2725885760827608,-0.7623329007841324,,,,0.0,False,-0.2901298262238262,False,65,neutral,sector,neutral
DEC.PA,,,FR,4134907136.0,0.0284,0.0284,0.0006063813190947398,0.02900638131909474,0.1440220060909716,2239900000.0,18160000.0,396020000.0,2654080000.0,0.6418717307802677,Communication Services,Advertising Agencies,PA,EUR,Euro,JC Decaux SA,Common Stock,France,,213600597.0,19.358125370782556,21.04,15.6441,0.9200629929079162,-0.07993700709208384,1.2374074169036606,1.0,7.0,3673400000.0,11894.0,308844.79569530854,98604.33832184295,,,,,,,,,,1.0,0.0,,0.0,,,,,,0.0,,,,,,,,,,,,0.0,,,,0.0,,0.0,0.0,,,0.0,0.0,1.0,,,,,,,,,,,,1.0,,,,,,,,,,,,,,,,,-1.2,0.0,,0.6,0.7,0.6,0.0,0.0,-0.1680434909080262,-0.19818082147738725,0.07025677478718695,0.0,0.0,0.0,0.0,0.0,0.0,-0.0,True,True,True,True,3,3,True,-0.4201087272700655,-0.5662309185068207,0.2810270991487478,,,,0.0,False,-0.29596753759822647,False,66,neutral,sector,neutral
AM.PA,,,FR,25053992960.0,0.0148,0.0148,0.004693643160451844,0.019493643160451844,0.017463188827698435,6663651000.0,978474800.0,495874400.0000001,8138000200.0,0.3248184915271885,Industrials,Aerospace & Defense,PA,EUR,Euro,Dassault Aviation SA,Common Stock,France,,78055000.0,320.9787068093011,361.8,293.349,0.887171660611667,-0.11282833938833303,1.0941871518542798,1.0,5.0,7425969000.0,14573.0,509570.3698620737,39418.376449598574,,,,,,,,,,1.0,0.0,,0.0,,,,,,0.0,,,,,,,,,,,,0.0,,,,0.0,,0.0,0.0,,,0.0,0.0,1.0,,,,,,,,,,,,1.0,,,,,,,,,,,,,,,,,-1.2,0.0,,0.6,0.7,0.6,0.0,0.0,0.2398557287597549,-0.41130570355946994,-0.1262572738698479,0.0,0.0,0.0,0.0,0.0,0.0,-0.0,True,True,True,True,3,3,True,0.5996393218993872,-1.175159153027057,-0.5050290954793916,,,,0.0,False,-0.29770724866956294,False,67,neutral,sector,neutral
PPX.XETRA,,,DE,30109292544.0,0.0107,0.0,0.004771265227895061,0.004771265227895061,0.19141858093341751,14706000000.0,,,14706000000.0,0.48842064218245884,Consumer Cyclical,Luxury Goods,XETRA,EUR,Euro,Kering SA,Common Stock,Germany,,122034000.0,246.72871940606717,351.5963,262.9511,0.7017386684844726,-0.29826133151552736,0.9383064737362466,0.0,5.0,14675000000.0,43731.0,335574.30655599,180261.14198166062,,,,,,,,,,1.0,0.0,,0.0,,,,,,0.0,,,,,,,,,,,,0.0,,,,0.0,,0.0,0.0,,,0.0,0.0,1.0,,,,,,,,,,,,1.0,,,,,,,,,,,,,,,,,-1.2,0.0,,0.6,0.7,0.6,0.0,0.0,0.05290980274629936,-0.3199567950696663,-0.03406677042220951,0.0,0.0,0.0,0.0,0.0,0.0,-0.0,True,True,True,True,3,3,True,0.1322745068657484,-0.9141622716276181,-0.13626708168883803,,,,0.0,False,-0.30111376274557644,False,68,neutral,sector,neutral
ADP.PA,,,FR,10262213632.0,0.0291,0.0,0.0001648884650784499,0.0001648884650784499,0.1655893817535896,4346000000.0,249200000.0,423600000.0,5018800000.0,0.48905627771674903,Industrials,Airports & Air Services,PA,EUR,Euro,Aeroports de Paris SA,Common Stock,France,,98705000.0,103.96852876753964,133.9,114.1495,0.7764639937829696,-0.2235360062170304,0.9108101986214537,0.0,7.0,6704000000.0,29330.0,228571.42857142858,114422.09341970678,,,,,,,,,,1.0,0.0,,0.0,,,,,,0.0,,,,,,,,,,,,0.0,,,,0.0,,0.0,0.0,,,0.0,0.0,1.0,,,,,,,,,,,,1.0,,,,,,,,,,,,,,,,,-1.2,0.0,,0.6,0.7,0.6,0.0,0.0,-0.31285419557019956,-0.00497140809833873,-0.015588233918269757,0.0,0.0,0.0,0.0,0.0,0.0,-0.0,True,True,True,True,3,3,True,-0.7821354889254988,-0.014204023138110656,-0.06235293567307903,,,,0.0,False,-0.33341383758680804,False,69,neutral,sector,neutral
MLB1.XETRA,,,DE,75273920512.0,0.0,0.0,8.442242868778038e-06,8.442242868778038e-06,0.29448988814271115,6748460000.0,5213602508.0,592600000.0,12554662508.0,0.1667863507388135,Consumer Cyclical,Internet Retail,XETRA,EUR,Euro,Mercadolibre Inc,Common Stock,Germany,,50697000.0,1484.7805691066533,2337.0,1872.7865,0.6353361442476052,-0.3646638557523948,0.7928189193518073,1.0,5.0,28901968000.0,123670.0,233702.33686423546,101607.95540551467,,,,,,,,,,1.0,0.0,,0.0,,,,,,0.0,,,,,,,,,,,,0.0,,,,0.0,,0.0,0.0,,,0.0,0.0,1.0,,,,,,,,,,,,1.0,,,,,,,,,,,,,,,,,-1.2,0.0,,0.6,0.7,0.6,0.0,0.0,-0.0008475039558002664,0.010961125679311986,-0.34862777305898734,0.0,0.0,0.0,0.0,0.0,0.0,-0.0,True,True,True,True,3,3,True,-0.002118759889500666,0.03131750194089139,-1.3945110922359494,,,,0.0,False,-0.33851415133547563,False,70,neutral,sector,neutral
NVJP.XETRA,,,DE,3791255808.0,0.0326,0.0,-0.0034986010719137983,-0.0034986010719137983,0.1477530999926002,2239200000.0,529209800.0,,2768409800.0,0.7302091813900625,Industrials,Waste Management,XETRA,EUR,Euro,UMICORE S.A.,Common Stock,Germany,,241305400.0,15.711442048126566,22.0,16.0212,0.7141564567330257,-0.28584354326697425,0.9806657458946,0.0,6.0,19374100000.0,11230.0,1725209.2609082814,124461.26447016919,,,,,,,,,,1.0,0.0,,0.0,,,,,,0.0,,,,,,,,,,,,0.0,,,,0.0,,0.0,0.0,,,0.0,0.0,1.0,,,,,,,,,,,,1.0,,,,,,,,,,,,,,,,,-1.2,0.0,,0.6,0.7,0.6,0.0,0.0,-0.4176124718630453,-0.08581094904396604,0.1469088439481962,0.0,0.0,0.0,0.0,0.0,0.0,-0.0,True,True,True,True,3,2,True,-1.0440311796576132,-0.24517414012561725,0.5876353757927848,,,,0.0,False,-0.3565145769588151,False,71,neutral,sector,neutral
OR.PA,,,FR,184101765120.0,0.0207,0.0,0.0013277851874625712,0.0013277851874625712,0.5295691445652948,34953200000.0,3887900000.0,4890900000.0,43732000000.0,0.23754253508376139,Consumer Defensive,Household & Personal Products,PA,EUR,Euro,LOréal S.A.,Common Stock,France,,535366634.0,343.8797889671996,408.35,375.7925,0.8421202129722042,-0.15787978702779581,0.9150789038291067,0.0,6.0,44052000000.0,79033.0,557387.4204446244,414239.6214239621,,,,,,,,,,1.0,0.0,,0.0,,,,,,0.0,,,,,,,,,,,,0.0,,,,0.0,,0.0,0.0,,,0.0,0.0,1.0,,,,,,,,,,,,1.0,,,,,,,,,,,,,,,,,-1.2,0.0,,0.6,0.7,0.6,0.0,0.0,-0.47304628127481724,0.309660085370309,-0.1983486845976886,0.0,0.0,0.0,0.0,0.0,0.0,-0.0,True,True,True,True,3,3,True,-1.182615703187043,0.8847431010580258,-0.7933947383907544,,,,0.0,False,-0.3617348805021968,False,72,neutral,sector,neutral
ERF.PA,,,FR,10677435392.0,0.0098,0.0,0.03856041131105403,0.03856041131105403,0.07218934911242604,3543000000.0,,41400000.0,3584400000.0,0.3356985894464497,Healthcare,Diagnostics & Research,PA,EUR,Euro,Eurofins Scientific SE,Common Stock,France,,187000000.0,57.09858498395722,74.32,63.3988,0.7682802069961951,-0.23171979300380485,0.9006256425035997,0.0,6.0,7296000000.0,65694.0,111060.37081011964,12071.117605869638,,,,,,,,,,1.0,0.0,,0.0,,,,,,0.0,,,,,,,,,,,,0.0,,,,0.0,,0.0,0.0,,,0.0,0.0,1.0,,,,,,,,,,,,1.0,,,,,,,,,,,,,,,,,-1.2,0.0,,0.6,0.7,0.6,0.0,0.0,0.44429537063543734,-0.5596078179053112,-0.25248420288802914,0.0,0.0,0.0,0.0,0.0,0.0,-0.0,True,True,True,True,3,3,True,1.1107384265885933,-1.5988794797294608,-1.0099368115521166,,,,0.0,False,-0.367796650157903,False,73,neutral,sector,neutral
DHER.XETRA,,,DE,4951919104.0,0.0,0.0,-0.059773389060187254,-0.059773389060187254,0.2610891523935002,2592300000.0,1317560000.0,226510000.0,4136370000.0,0.8353064565733261,Consumer Cyclical,Internet Retail,XETRA,EUR,Euro,Delivery Hero SE,Common Stock,Germany,,284245000.0,17.421305929743706,29.89,22.5395,0.5828473044410741,-0.41715269555892587,0.7729233536566342,1.0,6.0,12294700000.0,43986.0,279513.93625244393,75687.71881962442,,,,,,,,,,1.0,0.0,,0.0,,,,,,0.0,,,,,,,,,,,,0.0,,,,0.0,,0.0,0.0,,,0.0,0.0,1.0,,,,,,,,,,,,1.0,,,,,,,,,,,,,,,,,-1.2,0.0,,0.6,0.7,0.6,0.0,0.0,-0.6755965447400295,-0.0962743632737023,0.37618282217415994,0.0,0.0,0.0,0.0,0.0,0.0,-0.0,True,True,True,True,3,2,True,-1.6889913618500736,-0.27506960935343516,1.5047312886966397,,,,0.0,False,-0.3956880858395719,False,74,neutral,sector,neutral
HLAG.XETRA,,,DE,24629581824.0,0.0564,0.0,0.0,0.0,0.09660857123309269,20653800000.0,142460000.0,265000000.0,21061260000.0,0.8551204868398175,Industrials,Marine Shipping,XETRA,EUR,Euro,Hapag Lloyd AG,Common Stock,Germany,,175800000.0,140.10001037542662,171.8,123.024,0.81548318029934,-0.18451681970066003,1.13880226927613,0.0,5.0,19111800000.0,14608.0,1308310.5147864183,222323.38444687842,,,,,,,,,,1.0,0.0,,0.0,,,,,,0.0,,,,,,,,,,,,0.0,,,,0.0,,0.0,0.0,,,0.0,0.0,1.0,,,,,,,,,,,,1.0,,,,,,,,,,,,,,,,,-1.2,0.0,,0.6,0.7,0.6,0.0,0.0,-0.3175692169201372,-0.3176137587440117,0.23107835556878936,0.0,0.0,0.0,0.0,0.0,0.0,-0.0,True,True,True,True,3,2,True,-0.7939230423003428,-0.9074678821257478,0.9243134222751574,,,,0.0,False,-0.4041046200953596,False,75,neutral,sector,neutral
FRE.XETRA,,,DE,24782438400.0,0.024,0.0,0.0,0.0,0.1234902411021814,19542000000.0,1955600000.0,1700000000.0,23197600000.0,0.9360499409129975,Healthcare,Medical Care Facilities,XETRA,EUR,Euro,Fresenius SE & Co. KGaA,Common Stock,Germany,,563237277.0,43.99999682549421,52.96,46.8479,0.8308156500282139,-0.1691843499717861,0.9392095873132884,0.0,8.0,21833000000.0,176486.0,123709.52936776855,30472.672053307346,,,,,,,,,,1.0,0.0,,0.0,,,,,,0.0,,,,,,,,,,,,0.0,,,,0.0,,0.0,0.0,,,0.0,0.0,1.0,,,,,,,,,,,,1.0,,,,,,,,,,,,,,,,,-1.2,0.0,,0.6,0.7,0.6,0.0,0.0,-0.37711691952547227,-0.5063428402299104,0.44260294887413937,0.0,0.0,0.0,0.0,0.0,0.0,-0.0,True,True,True,True,3,2,True,-0.9427922988136807,-1.4466938292283154,1.7704117954965575,,,,0.0,False,-0.44085681088124323,False,76,neutral,sector,neutral
ABL.XETRA,,,DE,156477620224.0,0.0231,0.0,-0.0008028166676872228,-0.0008028166676872228,0.2899219231386521,52133551000.0,8510597000.0,7133900000.0,67778048000.0,0.43314850969087293,Healthcare,Medical Devices,XETRA,EUR,Euro,Abbott Laboratories,Common Stock,Germany,,1749000000.0,89.46690693196112,121.3661,107.2592,0.7371655423710667,-0.2628344576289333,0.8341187229809761,0.0,5.0,44331019000.0,115000.0,385487.1217391304,218623.58260869567,,,,,,,,,,1.0,0.0,,0.0,,,,,,0.0,,,,,,,,,,,,0.0,,,,0.0,,0.0,0.0,,,0.0,0.0,1.0,,,,,,,,,,,,1.0,,,,,,,,,,,,,,,,,-1.2,0.0,,0.6,0.7,0.6,0.0,0.0,-0.39421848704415874,0.06966922533822513,-0.1274145113134473,0.0,0.0,0.0,0.0,0.0,0.0,-0.0,True,True,True,True,3,2,True,-0.9855462176103967,0.19905492953778609,-0.5096580452537892,,,,0.0,False,-0.45196377301938095,False,77,neutral,sector,neutral
F3A.XETRA,,,DE,17472376832.0,0.0,0.0,-0.00011160195303427933,-0.00011160195303427933,0.15919643034558625,9538642665.0,542865698.0,118542300.0,10200050663.0,0.5837815175963348,Technology,Solar,XETRA,EUR,Euro,First Solar Inc,Common Stock,Germany,,107537000.0,162.4778153751732,244.3,188.2502,0.6650749708357478,-0.33492502916425215,0.8630950478415067,1.0,7.0,5219731509.0,7900.0,660725.5074683544,268461.95544303796,,,,,,,,,,1.0,0.0,,0.0,,,,,,0.0,,,,,,,,,,,,0.0,,,,0.0,,0.0,0.0,,,0.0,0.0,1.0,,,,,,,,,,,,1.0,,,,,,,,,,,,,,,,,-1.2,0.0,,0.6,0.7,0.6,0.0,0.0,-0.2083020944428086,-0.40713166921467664,0.14033430849080122,0.0,0.0,0.0,0.0,0.0,0.0,-0.0,True,True,True,True,3,2,True,-0.5207552361070215,-1.163233340613362,0.5613372339632049,,,,0.0,False,-0.47509945516668406,False,78,neutral,sector,neutral
SHL.XETRA,,,DE,40942034944.0,0.0274,0.0,-0.0011500319997292952,-0.0011500319997292952,0.2035158891142664,18040000000.0,5635200000.0,2263000000.0,25938200000.0,0.6335347042587879,Healthcare,Medical Devices,XETRA,EUR,Euro,Siemens Healthineers AG,Common Stock,Germany,,1124739000.0,36.40136506691775,50.916,45.0199,0.7149297876289918,-0.28507021237100816,0.8085616597752938,0.0,7.0,23375000000.0,73800.0,316734.4173441734,122357.72357723577,,,,,,,,,,1.0,0.0,,0.0,,,,,,0.0,,,,,,,,,,,,0.0,,,,0.0,,0.0,0.0,,,0.0,0.0,1.0,,,,,,,,,,,,1.0,,,,,,,,,,,,,,,,,-1.2,0.0,,0.6,0.7,0.6,0.0,0.0,-0.4016148537159504,-0.22937791236378127,0.12976619737828204,0.0,0.0,0.0,0.0,0.0,0.0,-0.0,True,True,True,True,3,2,True,-1.004037134289876,-0.655365463896518,0.5190647895131282,,,,0.0,False,-0.5012265687014497,False,79,neutral,sector,neutral
AFR0.XETRA,,,DE,2358145536.0,0.0,0.0,0.0,0.0,0.13236151603498542,298000000.0,,658700000.0,956700000.0,0.4057001509850832,Industrials,Airlines,XETRA,EUR,Euro,AIR FRANCE-KLM INH. EO 1,Common Stock,Germany,,262658227.0,8.977999900989204,15.175,11.3355,0.5916309654688108,-0.4083690345311892,0.7920250452992108,1.0,6.0,33007000000.0,79574.0,414796.2902455576,65611.88327845778,,,,,,,,,,1.0,0.0,,0.0,,,,,,0.0,,,,,,,,,,,,0.0,,,,0.0,,0.0,0.0,,,0.0,0.0,1.0,,,,,,,,,,,,1.0,,,,,,,,,,,,,,,,,-1.2,0.0,,0.6,0.7,0.6,0.0,0.0,-0.3175692169201372,-0.1555703640516958,-0.07175644425220752,0.0,0.0,0.0,0.0,0.0,0.0,-0.0,True,True,True,True,3,2,True,-0.7939230423003428,-0.4444867544334166,-0.2870257770088301,,,,0.0,False,-0.5448960252240405,False,80,neutral,sector,neutral
PUB.PA,,,FR,21941598208.0,0.041,0.041,0.0008779417482794871,0.04187794174827949,0.060884778805298675,10447000000.0,,,10447000000.0,0.4761275774428765,Communication Services,Advertising Agencies,PA,EUR,Euro,Publicis Groupe SA,Common Stock,France,,253343182.0,86.60820486576189,96.7668,88.5974,0.8950198297945358,-0.10498017020546424,0.9775479287852905,1.0,6.0,17399000000.0,114000.0,152622.80701754385,21368.42105263158,,,,,,,,,,1.0,0.0,,0.0,,,,,,0.0,,,,,,,,,,,,0.0,,,,0.0,,0.0,0.0,,,0.0,0.0,1.0,,,,,,,,,,,,1.0,,,,,,,,,,,,,,,,,-1.2,0.0,,0.6,0.7,0.6,0.0,0.0,-0.09644853631354057,-0.40520998947065684,-0.07914540965066154,0.0,0.0,0.0,0.0,0.0,0.0,-0.0,True,True,True,True,3,3,True,-0.24112134078385142,-1.1577428270590195,-0.31658163860264615,,,,0.0,False,-0.580803935434859,False,81,neutral,sector,neutral
5UR.XETRA,,,DE,230053920768.0,0.0136,0.0136,-0.009526644834772169,0.00407335516522783,0.10398120346176948,65249444000.0,8468191000.0,3392600000.0,77110235000.0,0.3351833115583478,Industrials,Aerospace & Defense,XETRA,EUR,Euro,Raytheon Technologies Corp,Common Stock,Germany,,1356400000.0,169.60625240931878,189.0,148.4808,0.8973875788852845,-0.10261242111471547,1.142277334236607,1.0,8.0,88609035000.0,180000.0,492272.4166666667,98834.51111111112,,,,,,,,,,1.0,0.0,,0.0,,,,,,0.0,,,,,,,,,,,,0.0,,,,0.0,,0.0,0.0,,,0.0,0.0,1.0,,,,,,,,,,,,1.0,,,,,,,,,,,,,,,,,-1.2,0.0,,0.6,0.7,0.6,0.0,0.0,-0.20109074427021506,-0.2841987110948593,-0.11927310348657591,0.0,0.0,0.0,0.0,0.0,0.0,-0.0,True,True,True,True,3,3,True,-0.5027268606755376,-0.8119963174138838,-0.47709241394630364,,,,0.0,False,-0.6045625588516502,False,82,neutral,sector,neutral
EL.PA,,,FR,148127678464.0,0.0123,0.0123,-0.010123082898162439,0.0021769171018375614,0.2700367790906957,38889000000.0,1879600000.0,4553700000.0,45322300000.0,0.3059678006836166,Healthcare,Medical Instruments & Supplies,PA,EUR,Euro,EssilorLuxottica S. A.,Common Stock,France,,464669477.0,318.7807372680087,323.8,264.934,0.984498879765314,-0.015501120234685972,1.2032458546959193,1.0,6.0,28491000000.0,155975.0,182663.88844366084,110620.29171341562,,,,,,,,,,1.0,0.0,,0.0,,,,,,0.0,,,,,,,,,,,,0.0,,,,0.0,,0.0,0.0,,,0.0,0.0,1.0,,,,,,,,,,,,1.0,,,,,,,,,,,,,,,,,-1.2,0.0,,0.6,0.7,0.6,0.0,0.0,-0.3307443212747312,0.0008476959453218444,-0.2906414489022902,0.0,0.0,0.0,0.0,0.0,0.0,-0.0,True,True,True,True,3,3,True,-0.8268608031868279,0.00242198841520527,-1.1625657956091608,,,,0.0,False,-0.6205380742316995,False,83,neutral,sector,neutral
GUI.XETRA,,,DE,35575234560.0,0.0445,0.0,0.004912907548012546,0.004912907548012546,0.24680669883621914,11090000000.0,100667064.0,1410186774.0,12600853838.0,0.35420297276600726,Consumer Defensive,Beverages - Wineries & Distilleries,XETRA,EUR,Euro,Diageo plc,Common Stock,Germany,,2228000000.0,15.967340466786355,25.6515,20.5785,0.6224719983933242,-0.37752800160667577,0.7759234378981149,0.0,5.0,20245000000.0,29632.0,683214.0928725702,410805.88552915765,,,,,,,,,,1.0,0.0,,0.0,,,,,,0.0,,,,,,,,,,,,0.0,,,,0.0,,0.0,0.0,,,0.0,0.0,1.0,,,,,,,,,,,,1.0,,,,,,,,,,,,,,,,,-1.2,0.0,,0.6,0.7,0.6,0.0,0.0,-0.4484628861227443,-0.19893312314360306,-0.12544561302326113,0.0,0.0,0.0,0.0,0.0,0.0,-0.0,True,True,True,True,3,3,True,-1.1211572153068607,-0.5683803518388659,-0.5017824520930445,,,,0.0,False,-0.7728416222896084,False,84,neutral,sector,neutral
EXENS.PA,,,FR,3212829952.0,0.0016,0.0016,-0.003021667757067359,-0.0014216677570673588,0.11628171578108999,445700000.0,8128400.0,30787900.000000004,484616300.0,0.15083783058556346,Industrials,Electrical Equipment & Parts,PA,EUR,Euro,EXOSENS PROM,Common Stock,France,,50936000.0,63.07581969530391,74.0,47.471,0.8523759418284312,-0.14762405817156876,1.3287232140739382,1.0,5.0,468200000.0,1499.0,312341.5610406938,68178.78585723815,,,,,,,,,,1.0,0.0,,0.0,,,,,,0.0,,,,,,,,,,,,0.0,,,,0.0,,0.0,0.0,,,0.0,0.0,1.0,,,,,,,,,,,,1.0,,,,,,,,,,,,,,,,,-1.2,0.0,,0.6,0.7,0.6,0.0,0.0,-0.3582221141613195,-0.22844898799591531,-0.2434913961949486,0.0,0.0,0.0,0.0,0.0,0.0,-0.0,True,True,True,True,3,2,True,-0.8955552854032987,-0.6527113942740438,-0.9739655847797944,,,,0.0,False,-0.8301624983521835,False,85,neutral,sector,neutral
AIR.PA,,,FR,131337011200.0,0.0192,0.0,0.00012525678592456568,0.00012525678592456568,0.08127376073633272,26104000000.0,10075200000.0,1287600000.0,37466800000.0,0.28527221426522,Industrials,Aerospace & Defense,PA,EUR,Euro,Airbus Group SE,Common Stock,France,,790892000.0,166.06187848656958,221.3,191.2105,0.7503925824065503,-0.24960741759344973,0.8684767755252436,0.0,7.0,73420000000.0,165294.0,444178.2520841652,66348.44579960556,,,,,,,,,,1.0,0.0,,0.0,,,,,,0.0,,,,,,,,,,,,0.0,,,,0.0,,0.0,0.0,,,0.0,0.0,1.0,,,,,,,,,,,,1.0,,,,,,,,,,,,,,,,,-1.2,0.0,,0.6,0.7,0.6,0.0,0.0,-0.31398747201410077,-0.38711585888225813,-0.1529049086181003,0.0,0.0,0.0,0.0,0.0,0.0,-0.0,True,True,True,True,3,3,True,-0.7849686800352519,-1.1060453110921662,-0.6116196344724012,,,,0.0,False,-0.8540082395144593,False,86,neutral,sector,neutral
IBE1.XETRA,,,DE,128500424704.0,0.0345,0.0345,-0.03483454050180179,-0.00033454050180178885,0.07245182319204788,50068000000.0,443000000.0,400000000.00000006,50911000000.0,0.39619324307505754,Utilities,Utilities - Diversified,XETRA,EUR,Euro,Iberdrola S.A.,Common Stock,Germany,,6681195000.0,19.2331498637594,20.49,17.4085,0.9386603154592192,-0.06133968454078076,1.1048137325880691,1.0,6.0,45546800000.0,40000.0,1138670.0,291187.5,,,,,,,,,,1.0,0.0,,0.0,,,,,,0.0,,,,,,,,,,,,0.0,,,,0.0,,0.0,0.0,,,0.0,0.0,1.0,,,,,,,,,,,,1.0,,,,,,,,,,,,,,,,,-1.2,0.0,,0.6,0.7,0.6,0.0,0.0,-0.30879818778686,-0.4521007024685264,-0.09505547939587725,0.0,0.0,0.0,0.0,0.0,0.0,-0.0,True,True,True,True,3,2,True,-0.77199546946715,-1.2917162927672183,-0.380221917583509,,,,0.0,False,-0.8559543696512636,False,87,neutral,sector,neutral
MTE.XETRA,,,DE,394086678528.0,0.0014,0.0,-0.0062611806797854275,-0.0062611806797854275,0.1796299427522404,54165000000.0,10189400000.0,679300000.0,65033700000.0,0.1650238476543158,Technology,Semiconductors,XETRA,EUR,Euro,Micron Technology Inc,Common Stock,Germany,,1125000000.0,350.2992698026667,413.05,202.6342,0.8480795782657468,-0.15192042173425324,1.728727281982344,0.0,7.0,37378000000.0,53000.0,705245.283018868,280622.641509434,,,,,,,,,,1.0,0.0,,0.0,,,,,,0.0,,,,,,,,,,,,0.0,,,,0.0,,0.0,0.0,,,0.0,0.0,1.0,,,,,,,,,,,,1.0,,,,,,,,,,,,,,,,,-1.2,0.0,,0.6,0.7,0.6,0.0,0.0,-0.3351565991714336,-0.3404687980953987,-0.19859235659022872,0.0,0.0,0.0,0.0,0.0,0.0,-0.0,True,True,True,True,3,2,True,-0.837891497928584,-0.9727679945582821,-0.7943694263609149,,,,0.0,False,-0.874217753857061,False,88,neutral,sector,neutral
INL.XETRA,,,DE,189267312640.0,0.0,0.0,-0.05841121495327095,-0.05841121495327095,0.08887617164273667,114288784000.0,46688538000.0,2957000000.0,163934322000.0,0.8661523202995693,Technology,Semiconductors,XETRA,EUR,Euro,Intel Corporation,Common Stock,Germany,,4530000000.0,41.780863717439296,47.33,29.7918,0.8827564698381428,-0.11724353016185718,1.4024283097174155,1.0,6.0,52856600000.0,85100.0,621111.633372503,220825.85193889542,,,,,,,,,,1.0,0.0,,0.0,,,,,,0.0,,,,,,,,,,,,0.0,,,,0.0,,0.0,0.0,,,0.0,0.0,1.0,,,,,,,,,,,,1.0,,,,,,,,,,,,,,,,,-1.2,0.0,,0.6,0.7,0.6,0.0,0.0,-0.7941341232043508,-0.47595611187078773,0.3688745869045954,0.0,0.0,0.0,0.0,0.0,0.0,-0.0,True,True,True,True,3,2,True,-1.985335308010877,-1.3598746053451078,1.4754983476183816,,,,0.0,False,-0.9012156481705432,False,89,neutral,sector,neutral
ENR.XETRA,,,DE,126248804352.0,0.005,0.0,-0.01036373094313947,-0.01036373094313947,0.11616081360241538,10301000000.0,3513200000.0,2024800000.0,15839000000.0,0.12545861389576862,Industrials,Specialty Industrial Machinery,XETRA,EUR,Euro,Siemens Energy AG,Common Stock,Germany,,883750000.0,142.85578993154172,170.9211,114.5733,0.835799617083799,-0.16420038291620098,1.2468506181766756,0.0,6.0,39077000000.0,103000.0,379388.3495145631,63873.78640776699,,,,,,,,,,1.0,0.0,,0.0,,,,,,0.0,,,,,,,,,,,,0.0,,,,0.0,,0.0,0.0,,,0.0,0.0,1.0,,,,,,,,,,,,1.0,,,,,,,,,,,,,,,,,-1.2,0.0,,0.6,0.7,0.6,0.0,0.0,-0.42905805326299906,-0.22899695403246662,-0.26059278078461245,0.0,0.0,0.0,0.0,0.0,0.0,-0.0,True,True,True,True,3,2,True,-1.0726451331574975,-0.6542770115213332,-1.0423711231384498,,,,0.0,False,-0.9186477880800781,False,90,neutral,sector,neutral
1YD.XETRA,,,DE,1324094193664.0,0.0082,0.0,-0.015696944328170703,-0.015696944328170703,0.24161835508573234,81219000000.0,24505200000.0,2414300000.0,108138500000.0,0.08166979397497535,Technology,Semiconductors,XETRA,EUR,Euro,Broadcom Inc.,Common Stock,Germany,,4853000000.0,272.8403448720379,349.096,282.1953,0.7815625067948012,-0.21843749320519878,0.9668493588377906,0.0,8.0,63830000000.0,33000.0,1934242.4242424243,1251575.7575757576,,,,,,,,,,1.0,0.0,,0.0,,,,,,0.0,,,,,,,,,,,,0.0,,,,0.0,,0.0,0.0,,,0.0,0.0,1.0,,,,,,,,,,,,1.0,,,,,,,,,,,,,,,,,-1.2,0.0,,0.6,0.7,0.6,0.0,0.0,-0.5297990580353829,-0.13823604143382018,-0.26605598403479735,0.0,0.0,0.0,0.0,0.0,0.0,-0.0,True,True,True,True,3,2,True,-1.3244976450884571,-0.3949601183823434,-1.0642239361391894,,,,0.0,False,-0.9340910835040004,False,91,neutral,sector,neutral
YCP.XETRA,,,DE,134457311232.0,0.0259,0.0259,-0.06145887230696667,-0.03555887230696667,0.11793602066125183,64491392000.0,89400000.0,570000000.0,65150792000.0,0.48454629505111296,Energy,Oil & Gas E&P,XETRA,EUR,Euro,ConocoPhillips,Common Stock,Germany,,1253446000.0,107.27012670031257,111.94,83.0245,0.9582823539424029,-0.04171764605759709,1.2920297827787288,1.0,6.0,58948015000.0,9900.0,5954344.94949495,1452725.2525252525,,,,,,,,,,1.0,0.0,,0.0,,,,,,0.0,,,,,,,,,,,,0.0,,,,0.0,,0.0,0.0,,,0.0,0.0,1.0,,,,,,,,,,,,1.0,,,,,,,,,,,,,,,,,-1.2,0.0,,0.6,0.7,0.6,0.0,0.0,-0.6660546809652457,-0.3245838322279013,-0.024042267345631804,0.0,0.0,0.0,0.0,0.0,0.0,-0.0,True,True,True,True,3,2,True,-1.665136702413114,-0.9273823777940039,-0.09616906938252721,,,,0.0,False,-1.0146807805387787,False,92,neutral,sector,neutral
ADYEN.AS,,,NL,45574492160.0,0.0,0.0,-0.010875677612798063,-0.010875677612798063,0.17080719522611398,5285427000.0,7448600.0,46324500.0,5339200100.0,0.1171532549667362,Technology,Software - Infrastructure,AS,EUR,Euro,Adyen NV,Common Stock,Netherlands,,31604000.0,1442.0482268067333,1750.4,1515.509,0.8238392520605194,-0.17616074793948056,0.9515273263350684,1.0,6.0,2672702000.0,4771.0,560197.4428840914,438809.0547055125,,,,,,,,,,1.0,0.0,,0.0,,,,,,0.0,,,,,,,,,,,,0.0,,,,0.0,,0.0,0.0,,,0.0,0.0,1.0,,,,,,,,,,,,1.0,,,,,,,,,,,,,,,,,-1.2,0.0,,0.6,0.7,0.6,0.0,0.0,-0.4303451883446517,-0.369252380161327,-0.23733700892650747,0.0,0.0,0.0,0.0,0.0,0.0,-0.0,True,True,True,True,3,2,True,-1.0758629708616292,-1.0550068004609343,-0.9493480357060299,,,,0.0,False,-1.036934577432486,False,93,neutral,sector,neutral
SAF.PA,,,FR,119360331776.0,0.0119,0.0,-0.004165704572584694,-0.004165704572584694,0.07237842559937878,14839000000.0,4278000000.0,5070500000.0,24187500000.0,0.2026427008044177,Industrials,Aerospace & Defense,PA,EUR,Euro,Safran SA,Common Stock,France,,417883086.0,285.63092351624874,350.8,297.293,0.814227262018953,-0.185772737981047,0.9607724484473188,0.0,6.0,31189000000.0,103710.0,300732.8126506605,43139.52367177707,,,,,,,,,,1.0,0.0,,0.0,,,,,,0.0,,,,,,,,,,,,0.0,,,,0.0,,0.0,0.0,,,0.0,0.0,1.0,,,,,,,,,,,,1.0,,,,,,,,,,,,,,,,,-1.2,0.0,,0.6,0.7,0.6,0.0,0.0,-0.42905805326299906,-0.41130570355946994,-0.20858350206807852,0.0,0.0,0.0,0.0,0.0,0.0,-0.0,True,True,True,True,3,2,True,-1.0726451331574975,-1.175159153027057,-0.8343340082723141,,,,0.0,False,-1.0489472588905475,False,94,neutral,sector,neutral
TUI1.XETRA,,,DE,3471843072.0,0.0151,0.0,-0.08020273921171706,-0.08020273921171706,0.12035438461663356,1762500000.0,164280000.0,170400000.0,2097180000.0,0.6040537998141409,Consumer Cyclical,Travel Services,XETRA,EUR,Euro,TUI AG,Common Stock,Germany,,558160199.0,6.22015521389765,9.4505,8.0352,0.658182658472848,-0.34181734152715204,0.7741133032031126,0.0,7.0,24178700000.0,53593.0,451154.06862836564,41494.22499206986,,,,,,,,,,1.0,0.0,,0.0,,,,,,0.0,,,,,,,,,,,,0.0,,,,0.0,,0.0,0.0,,,0.0,0.0,1.0,,,,,,,,,,,,1.0,,,,,,,,,,,,,,,,,-1.2,0.0,,0.6,0.7,0.6,0.0,0.0,-0.7908881318169647,-0.4340351778978553,0.10268847825329894,0.0,0.0,0.0,0.0,0.0,0.0,-0.0,True,True,True,True,3,2,True,-1.9772203295424118,-1.2401005082795866,0.41075391301319575,,,,0.0,False,-1.1222348314615211,False,95,neutral,sector,neutral
