run_id,symbol,sector,industry,rank,target_weight,is_previous_holding,selection_reason,force_sell_reason,composite_score,shareholder_yield,gross_profitability,adjusted_book_to_market,pead_signal,sentiment_acceleration,news_event_signal,news_article_count_recent,dividend_safety_pass,price_to_200dma,target_date,currency_code,currency_name,news_event_effective_signal,news_peer_spillover_signal
2026-03-23T13:47:38Z,TCMD.US,Healthcare,Medical Devices,1,0.05,False,buy_buffer_entry,,0.8387993882220831,0.0349203529469666,0.9042133006256798,0.4954363995246356,0.0268717358802888,,,0.0,1.0,1.2800266636460975,2026-03-23,,,,
2026-03-23T13:47:38Z,RNG.US,Technology,Software - Application,2,0.05,False,buy_buffer_entry,,0.8214267662555379,0.053065682336337,1.2090384115616066,0.1747194457092721,0.0372573345067576,0.0044336961670848,0.6090302289215307,4.0,1.0,1.2454908613151616,2026-03-23,,,,
2026-03-23T13:47:38Z,ITRN.US,Technology,Scientific & Technical Instruments,3,0.05,False,buy_buffer_entry,,0.8089558553568622,0.1242053282396702,0.4623783705406847,0.2994982389604477,0.033543468138824,0.0152499999999999,,0.0,1.0,1.199566701435781,2026-03-23,,,,
2026-03-23T13:47:38Z,GCT.US,Technology,Software - Infrastructure,4,0.05,False,buy_buffer_entry,,0.6553104616272879,0.0720401234668282,0.2500426209958094,0.3621785475424979,0.1734384479830325,0.0096290784948466,0.562506294113011,5.0,1.0,1.240449752629762,2026-03-23,,,,
2026-03-23T13:47:38Z,CIEN.US,Technology,Communication Equipment,5,0.05,False,buy_buffer_entry,,0.6062771152285827,0.0049053191197829,0.3374716757149212,0.0911314194415191,0.1724307535185987,0.0303703901607155,0.4631055174773869,44.0,1.0,2.0690568193405627,2026-03-23,,,,
2026-03-23T13:47:38Z,BSM.US,Energy,Oil & Gas E&P,6,0.05,False,buy_buffer_entry,,0.5857490672302588,0.0788976753012618,0.236806598610015,0.3565020833321834,0.0705761366960055,-0.0074838362068967,0.3370499999999999,1.0,1.0,1.1320207910757532,2026-03-23,,,,
2026-03-23T13:47:38Z,ZD.US,Communication Services,Advertising Agencies,7,0.05,False,buy_buffer_entry,,0.578932232846644,0.0768464194036557,0.277372133258865,1.245562379626889,-0.0100207555207359,0.1404529891270595,0.6765196984849804,3.0,1.0,1.1618207220270471,2026-03-23,,,,
2026-03-23T13:47:38Z,ULS.US,Industrials,Specialty Business Services,8,0.05,False,buy_buffer_entry,,0.5668920741101527,-0.0029502487562188,0.5127767887709689,0.1122927118160955,0.0003184463895741,0.0004539615164881,0.6410044978695174,5.0,1.0,1.0923132945981548,2026-03-23,,,,
2026-03-23T13:47:38Z,INCY.US,Healthcare,Biotechnology,10,0.05,False,buy_buffer_entry,,0.5378844272392751,0.0466916828955493,0.6758471181190269,0.659367133521745,-0.0001000448131295,-0.0019468306701864,0.6343383308133071,9.0,1.0,1.0038407279290464,2026-03-23,,,,
2026-03-23T13:47:38Z,EME.US,Industrials,Engineering & Construction,11,0.05,False,buy_buffer_entry,,0.4887639451525301,0.0397363185780208,0.3465886784850969,0.1413881773420776,6.734284389903672e-05,-0.0008197935825716,0.6274541363834024,16.0,1.0,1.1226603351791826,2026-03-23,,,,
2026-03-23T13:47:38Z,ADTN.US,Technology,Communication Equipment,12,0.05,False,buy_buffer_entry,,0.4823229941674691,-0.0103131968376242,0.3445059456551428,0.9904887097439764,0.0061137708579083,0.0708800000000001,0.6455262682013609,3.0,1.0,1.2670519535254494,2026-03-23,,,,
2026-03-23T13:47:38Z,SPH.US,Utilities,Utilities - Regulated Gas,13,0.05,False,buy_buffer_entry,,0.4778764226697595,0.0531640890794404,0.1318172735483657,0.4909919029311792,-0.0,,,0.0,1.0,1.0728177102302667,2026-03-23,,,,
2026-03-23T13:47:38Z,HAS.US,Consumer Cyclical,Leisure,14,0.05,False,buy_buffer_entry,,0.4678063556333144,0.0314127583749109,0.5949747838616715,0.1847216535166357,0.00037947820011,-0.0058464517121843,0.5801781883926203,9.0,1.0,1.1227255910756646,2026-03-23,,,,
2026-03-23T13:47:38Z,OGS.US,Utilities,Utilities - Regulated Gas,16,0.05,False,buy_buffer_entry,,0.4483533042435954,-0.0286173057703435,0.1531362040308113,0.7257785792641239,0.0013572372294325,0.0030590329195979,0.5360939272705847,2.0,1.0,1.106562876915451,2026-03-23,,,,
2026-03-23T13:47:38Z,AXGN.US,Healthcare,Medical Devices,17,0.05,False,buy_buffer_entry,,0.4375327872192107,-0.0404958651543223,0.7549066927695355,0.1505290416586971,0.0596001257444296,-3.768904460343947e-05,0.99895,1.0,1.0,1.5610574596706692,2026-03-23,,,,
2026-03-23T13:47:38Z,IESC.US,Industrials,Engineering & Construction,18,0.05,False,buy_buffer_entry,,0.410599632321538,0.0113741366642174,0.5386463666154653,0.130421187174963,0.0436699680455058,,,0.0,1.0,1.1150236479762996,2026-03-23,,,,
2026-03-23T13:47:38Z,RHLD.US,Industrials,Specialty Business Services,21,0.05,False,rank_fill,,0.3693235291017605,-0.0043110076516408,0.7804447910261986,0.0516276100195488,,-0.0082666666666668,0.3436999999999999,1.0,1.0,1.362657324653619,2026-03-23,,,,
2026-03-23T13:47:38Z,JAZZ.US,Healthcare,Biotechnology,22,0.05,False,rank_fill,,0.3633410857367835,0.0760942627297105,0.322856182253884,0.6842784769783204,0.0003638862817932,0.5252420731038806,0.3275228144223385,9.0,1.0,1.2658470009966285,2026-03-23,,,,
2026-03-23T13:47:38Z,LINC.US,Consumer Defensive,Education & Training Services,23,0.05,False,rank_fill,,0.339272120139675,-0.0119452267650772,0.6343772051487944,0.2864974058215053,0.0994698689728606,0.0080907008303736,0.5173989518528573,2.0,1.0,1.587129418203543,2026-03-23,,,,
2026-03-23T13:47:38Z,CTVA.US,Basic Materials,Agricultural Inputs,24,0.05,False,rank_fill,,0.3205810518923122,0.0421006724137931,0.1770334928229665,0.5795115016871369,0.0,0.0041414906367369,0.4336197051433273,9.0,1.0,1.0999403957541949,2026-03-23,,,,
2026-04-06T06:44:05Z,RNG.US,Technology,Software - Application,1,0.05,False,buy_buffer_entry,,0.8605576118856224,0.052965682336337,1.2090384115616066,0.1740257626543296,0.0,1.4690796900196368e-05,0.4463306697365132,8.0,1.0,1.2314013038052076,2026-03-23,USD,US Dollar,0.4463306697365132,0.0
2026-04-06T06:44:05Z,ITRN.US,Technology,Scientific & Technical Instruments,2,0.05,False,buy_buffer_entry,,0.7385968727665001,0.1187053282396702,0.4623783705406847,0.2845086745202925,0.0270367314247888,,,0.0,1.0,1.2437665452562583,2026-03-23,USD,US Dollar,,0.0
2026-04-06T06:44:05Z,TCMD.US,Healthcare,Medical Devices,3,0.05,False,buy_buffer_entry,,0.725327012410875,0.0349203529469666,0.9042133006256798,0.5184491481057817,0.0,,,0.0,1.0,1.1795365181996629,2026-03-23,USD,US Dollar,,0.0
2026-04-06T06:44:05Z,FDX.US,Industrials,Integrated Freight & Logistics,4,0.05,False,buy_buffer_entry,,0.7141635436641119,0.0478725099601593,0.2167710865372545,0.4800517711980063,0.0568780976154105,0.0848883381446604,0.3794985931504125,32.0,1.0,1.2798709952613987,2026-03-23,USD,US Dollar,0.3794985931504125,0.0
2026-04-06T06:44:05Z,BSM.US,Energy,Oil & Gas E&P,5,0.05,False,buy_buffer_entry,,0.6670042848689728,0.0824976753012618,0.236806598610015,0.3720762217194067,0.056885830795789,0.0647407120743033,0.5029558802146202,3.0,1.0,1.0797747295197684,2026-03-23,USD,US Dollar,0.5029558802146202,0.0
2026-04-06T06:44:05Z,OGS.US,Utilities,Utilities - Regulated Gas,6,0.05,False,buy_buffer_entry,,0.6372920620946277,-0.0304173057703435,0.1531362040308113,0.684713754622209,0.0010939613727484,0.0009699707031249,0.7242986070115457,4.0,1.0,1.1645099718781868,2026-03-23,USD,US Dollar,0.7242986070115457,0.0
2026-04-06T06:44:05Z,IRDM.US,Communication Services,Telecom Services,7,0.05,False,buy_buffer_entry,,0.6338732177915364,0.1180979831708294,0.2663293571852174,0.180186513142561,0.0,0.2182821390441702,0.4124706839183468,12.0,1.0,1.4506170983260402,2026-03-23,USD,US Dollar,0.4124706839183468,0.0
2026-04-06T06:44:05Z,OMAB.US,Industrials,Airports & Air Services,8,0.05,False,buy_buffer_entry,,0.5652253173923603,0.0421,0.3900333353039749,2.106310833961896,-0.0,,0.34685,1.0,1.0,1.0701596863973235,2026-03-23,USD,US Dollar,0.34685,0.0
2026-04-06T06:44:05Z,STRA.US,Consumer Defensive,Education & Training Services,9,0.05,False,buy_buffer_entry,,0.5380874872719488,0.0834224523612262,0.3046832537011782,0.9684235383103116,0.1279472005864265,0.0016879869548407,0.7685412140311473,7.0,1.0,1.0312136921639214,2026-03-23,USD,US Dollar,0.7685412140311473,0.0
2026-04-06T06:44:05Z,INCY.US,Healthcare,Biotechnology,10,0.05,False,buy_buffer_entry,,0.5252152158377897,0.0466916828955493,0.6758471181190269,0.6239689861382512,-0.0,0.0052738428405504,0.5980305227941323,11.0,1.0,1.048505080274346,2026-03-23,USD,US Dollar,0.5980305227941323,0.0
2026-04-06T06:44:05Z,EME.US,Industrials,Engineering & Construction,11,0.05,False,buy_buffer_entry,,0.4649871300707971,0.0396363185780208,0.3465886784850969,0.1355236420191905,5.427972970309466e-05,-0.0131585913996915,0.5713900073956258,20.0,1.0,1.1499203804944838,2026-03-23,USD,US Dollar,0.5713900073956258,0.0
2026-04-06T06:44:05Z,EHAB.US,Healthcare,Medical Care Facilities,12,0.05,False,buy_buffer_entry,,0.4535513828165962,-0.0119521912350597,0.4260988775597635,1.1172533123162014,-0.0173790663173359,0.0289317186936041,0.7822833333333334,1.0,1.0,1.487807829632433,2026-03-23,USD,US Dollar,0.7822833333333334,0.0
2026-04-06T06:44:05Z,JAZZ.US,Healthcare,Biotechnology,13,0.05,False,buy_buffer_entry,,0.4511450802850728,0.0760942627297105,0.322856182253884,0.6611092699776056,0.0002932998946111,0.0120436718716169,0.5923791416012287,5.0,1.0,1.2798874140313357,2026-03-23,USD,US Dollar,0.5923791416012287,0.0
2026-04-06T06:44:05Z,AXGN.US,Healthcare,Medical Devices,14,0.05,False,buy_buffer_entry,,0.4466983381025314,-0.0404958651543223,0.7549066927695355,0.134532066188814,0.0480389381910907,-0.000368,0.7822833333333333,1.0,1.0,1.671381404935745,2026-03-23,USD,US Dollar,0.7822833333333333,0.0
2026-04-06T06:44:05Z,ULS.US,Industrials,Specialty Business Services,15,0.05,False,buy_buffer_entry,,0.4435181741747334,-0.0030502487562188,0.5127767887709689,0.1097707749720477,0.0,0.0001967239297874,0.6631552862657966,9.0,1.0,1.1080147771003777,2026-03-23,USD,US Dollar,0.6631552862657966,0.0
2026-04-06T06:44:05Z,THR.US,Industrials,Specialty Industrial Machinery,16,0.05,False,buy_buffer_entry,,0.4283758079181111,0.0002638037816493,0.2950498509501596,0.3060342571725759,0.0,0.0175064284110796,0.7130212149465155,5.0,1.0,1.4326987935949436,2026-03-23,USD,US Dollar,0.7130212149465155,0.0
2026-04-06T06:44:05Z,CMS.US,Utilities,Utilities - Regulated Electric,17,0.05,False,buy_buffer_entry,,0.4245561555206648,0.0214017029835736,0.128778845201545,0.4208774993088678,0.0,-0.0005564673573905,0.6466327238798498,8.0,1.0,1.1061985852818832,2026-03-23,USD,US Dollar,0.6466327238798498,0.0
2026-04-06T06:44:05Z,CIEN.US,Technology,Communication Equipment,18,0.05,False,buy_buffer_entry,,0.4197712789406428,0.0049053191197829,0.3374716757149212,0.078132124219156,0.138982765674741,-0.0041774498922811,0.4541014174362057,24.0,1.0,2.227522884922845,2026-03-23,USD,US Dollar,0.4541014174362057,0.0
2026-04-06T06:44:05Z,SPH.US,Utilities,Utilities - Regulated Gas,19,0.05,False,buy_buffer_entry,,0.410057712825741,0.0547640890794405,0.1318172735483657,0.5032604315605199,-0.0,,,0.0,1.0,1.041995560302944,2026-03-23,USD,US Dollar,,0.0
2026-04-06T06:44:05Z,ADTN.US,Technology,Communication Equipment,21,0.05,False,rank_fill,,0.3805616824903126,-0.0103131968376242,0.3445059456551428,0.8808677134007142,0.0049278261864237,-0.0150333333333334,,0.0,1.0,1.392688274116027,2026-03-23,USD,US Dollar,,0.0
2026-04-06T07:36:35Z,PVH.US,Consumer Cyclical,Apparel Manufacturing,1,0.05,False,buy_buffer_entry,,1.0028360961660483,0.1571028218694885,0.4407670576149302,1.9706744436828367,,-0.007330845151128,0.5750411028310035,29.0,1.0,1.0487129273077087,2026-03-23,USD,US Dollar,0.5750411028310035,0.0
2026-04-06T07:36:35Z,NRG.US,Utilities,Utilities - Independent Power Producers,3,0.05,False,buy_buffer_entry,,0.9406584206017582,0.0737207547169811,0.230267673301304,0.0945456520976455,9.59337402091263e-05,-0.0006879850913771,0.6088838135024726,6.0,1.0,1.0228908788635964,2026-03-23,USD,US Dollar,0.6088838135024726,0.0
2026-04-06T07:36:35Z,DLX.US,Industrials,Conglomerates,4,0.05,False,buy_buffer_entry,,0.9254361900289624,0.0261173742929327,0.3949224748568236,0.9674177464369806,0.0,-0.0014467941110637,0.7238789311494946,11.0,1.0,1.30974755243531,2026-03-23,USD,US Dollar,0.7238789311494946,0.0
2026-04-06T07:36:35Z,CMPR.US,Industrials,Specialty Business Services,5,0.05,False,buy_buffer_entry,,0.7817145150741932,0.0506512813868199,0.821811818647416,0.2650330658219313,0.0,,,0.0,1.0,1.0984714203166444,2026-03-23,USD,US Dollar,,0.0
2026-04-06T07:36:35Z,RNG.US,Technology,Software - Application,6,0.05,False,buy_buffer_entry,,0.778435950045195,0.052965682336337,1.2090384115616066,0.1740257626543296,0.0,1.4690796900196368e-05,0.4463306697365132,8.0,1.0,1.2314013038052076,2026-03-23,USD,US Dollar,0.4463306697365132,0.0
2026-04-06T07:36:35Z,ITRN.US,Technology,Scientific & Technical Instruments,7,0.05,False,buy_buffer_entry,,0.77125108374418,0.1187053282396702,0.4623783705406847,0.2845086745202925,0.0270367314247888,,,0.0,1.0,1.2437665452562583,2026-03-23,USD,US Dollar,,0.0
2026-04-06T07:36:35Z,SAM.US,Consumer Defensive,Beverages - Brewers,8,0.05,False,buy_buffer_entry,,0.7684564860346008,0.0999660268387973,0.7980763994487242,0.3735907688108552,-0.0,-0.0013318600059951,0.4522664835904919,9.0,1.0,1.1328979210855414,2026-03-23,USD,US Dollar,0.4522664835904919,0.0
2026-04-06T07:36:35Z,TCMD.US,Healthcare,Medical Devices,9,0.05,False,buy_buffer_entry,,0.7437830506946299,0.0349203529469666,0.9042133006256798,0.5184491481057817,0.0,,,0.0,1.0,1.1795365181996629,2026-03-23,USD,US Dollar,,0.0
2026-04-06T07:36:35Z,DTE.US,Utilities,Utilities - Regulated Electric,10,0.05,False,buy_buffer_entry,,0.7414065327929461,0.0305,0.2484370954019161,0.3995229258488068,0.0,-0.0063480398743279,0.4955028513303192,10.0,1.0,1.081192039228164,2026-03-23,USD,US Dollar,0.4955028513303192,0.0
2026-04-06T07:36:35Z,STRA.US,Consumer Defensive,Education & Training Services,11,0.05,False,buy_buffer_entry,,0.7261054687320994,0.0834224523612262,0.3046832537011782,0.9684235383103116,0.1279472005864265,0.0016879869548407,0.7685412140311473,7.0,1.0,1.0312136921639214,2026-03-23,USD,US Dollar,0.7685412140311473,0.0
2026-04-06T07:36:35Z,FDX.US,Industrials,Integrated Freight & Logistics,12,0.05,False,buy_buffer_entry,,0.7206779520086813,0.0478725099601593,0.2167710865372545,0.4800517711980063,0.0568780976154105,0.0848883381446604,0.3794985931504125,32.0,1.0,1.2798709952613987,2026-03-23,USD,US Dollar,0.3794985931504125,0.0
2026-04-06T07:36:35Z,PRLB.US,Industrials,Metal Fabrication,13,0.05,False,buy_buffer_entry,,0.6833317467726974,0.0383468586387434,0.3118766891780813,0.6081770714609095,0.0,0.0008031616210937,0.6436092543584305,2.0,1.0,1.109199151601469,2026-03-23,USD,US Dollar,0.6436092543584305,0.0
2026-04-06T07:36:35Z,OMAB.US,Industrials,Airports & Air Services,14,0.05,False,buy_buffer_entry,,0.6823567773092037,0.0421,0.3900333353039749,2.106310833961896,-0.0,,0.34685,1.0,1.0,1.0701596863973235,2026-03-23,USD,US Dollar,0.34685,0.0
2026-04-06T07:36:35Z,IRDM.US,Communication Services,Telecom Services,17,0.05,False,buy_buffer_entry,,0.6092296035542504,0.1180979831708294,0.2663293571852174,0.180186513142561,0.0,0.2182821390441702,0.4124706839183468,12.0,1.0,1.4506170983260402,2026-03-23,USD,US Dollar,0.4124706839183468,0.0
2026-04-06T07:36:35Z,BSM.US,Energy,Oil & Gas E&P,20,0.05,False,buy_buffer_entry,,0.5463055560100305,0.0824976753012618,0.236806598610015,0.3720762217194067,0.056885830795789,0.0647407120743033,0.5029558802146202,3.0,1.0,1.0797747295197684,2026-03-23,USD,US Dollar,0.5029558802146202,0.0
2026-04-06T07:36:35Z,KR.US,Consumer Defensive,Grocery Stores,22,0.05,False,rank_fill,,0.5331365278127304,0.1096777777777777,0.6221341182595462,0.1452651749286842,3.812321129907148e-05,0.0006099388528912,0.4337682595555579,24.0,1.0,1.0011900958602904,2026-03-23,USD,US Dollar,0.4337682595555579,0.0
2026-04-06T07:36:35Z,FE.US,Utilities,Utilities - Regulated Electric,23,0.05,False,rank_fill,,0.519778627035397,0.034566897746967,0.1478427303949628,0.422132315575623,-0.0,0.0056776045240088,0.5517875360149814,5.0,1.0,1.1285534651551157,2026-03-23,USD,US Dollar,0.5517875360149814,0.0
2026-04-06T07:36:35Z,EHAB.US,Healthcare,Medical Care Facilities,24,0.05,False,rank_fill,,0.510167726993624,-0.0119521912350597,0.4260988775597635,1.1172533123162014,-0.0173790663173359,0.0289317186936041,0.7822833333333334,1.0,1.0,1.487807829632433,2026-03-23,USD,US Dollar,0.7822833333333334,0.0
2026-04-06T07:36:35Z,INCY.US,Healthcare,Biotechnology,26,0.05,False,rank_fill,,0.4926540328885106,0.0466916828955493,0.6758471181190269,0.6239689861382512,-0.0,0.0052738428405504,0.5980305227941323,11.0,1.0,1.048505080274346,2026-03-23,USD,US Dollar,0.5980305227941323,0.0
2026-04-06T07:36:35Z,MITK.US,Technology,Software - Application,27,0.05,False,rank_fill,,0.45971258328531,0.0114182185893654,0.3330450938665981,0.581945871275235,0.0,,,0.0,1.0,1.2762714618440307,2026-03-23,USD,US Dollar,,0.0
2026-04-08T16:42:01Z,PVH.US,Consumer Cyclical,Apparel Manufacturing,1,0.0333333333333333,False,buy_buffer_entry,,1.0869965470677037,0.1570028218694885,0.4407670576149302,1.8390258336644825,,0.0145083473695177,0.6070147517955403,30.0,1.0,1.1225157049921772,2026-04-08,USD,US Dollar,0.6070147517955403,0.0
2026-04-08T16:42:01Z,NRG.US,Utilities,Utilities - Independent Power Producers,2,0.0333333333333333,False,buy_buffer_entry,,0.9802063668222556,0.0740207547169811,0.230267673301304,0.094317100400971,9.302341220890268e-05,-0.0014991969100791,0.6594755718258434,7.0,1.0,1.0254429559220042,2026-04-08,USD,US Dollar,0.6594755718258434,0.0
2026-04-08T16:42:01Z,WHD.US,Energy,Oil & Gas Equipment & Services,3,0.0333333333333333,False,buy_buffer_entry,,0.9356975508067188,0.1476949196020771,0.3148614273112501,0.3613785191515348,0.015613523785702,0.0010077324253612,0.6470859686484374,4.0,1.0,1.157938191942962,2026-04-08,USD,US Dollar,0.6470859686484374,0.0
2026-04-08T16:42:01Z,SAM.US,Consumer Defensive,Beverages - Brewers,4,0.0333333333333333,False,buy_buffer_entry,,0.9190881588228934,0.0999660268387973,0.7980763994487242,0.3589255748502581,-0.0,-0.0013464351002457,0.4649933781669618,7.0,1.0,1.1780454601695465,2026-04-08,USD,US Dollar,0.4649933781669618,0.0
2026-04-08T16:42:01Z,DLX.US,Industrials,Conglomerates,5,0.0333333333333333,False,buy_buffer_entry,,0.8581976432208664,0.0261173742929327,0.3949224748568236,0.9719843731405072,0.0,-0.001445667494921,0.7216954367071048,10.0,1.0,1.2996490535206549,2026-04-08,USD,US Dollar,0.7216954367071048,0.0
2026-04-08T16:42:01Z,DTE.US,Utilities,Utilities - Regulated Electric,6,0.0333333333333333,False,buy_buffer_entry,,0.8140584736297374,0.0304,0.2484370954019161,0.3989031373475271,0.0,-0.0078137462842076,0.5520590552668455,11.0,1.0,1.0822545152651464,2026-04-08,USD,US Dollar,0.5520590552668455,0.0
2026-04-08T16:42:01Z,RNG.US,Technology,Software - Application,7,0.0333333333333333,False,buy_buffer_entry,,0.8048982561298285,0.052965682336337,1.2090384115616066,0.1731549334203518,0.0,-0.0018040085276541,0.6260060940505393,9.0,1.0,1.2352904817109511,2026-04-08,USD,US Dollar,0.6260060940505393,0.0
2026-04-08T16:42:01Z,CMPR.US,Industrials,Specialty Business Services,8,0.0333333333333333,False,buy_buffer_entry,,0.77909491039928,0.0506512813868199,0.821811818647416,0.2654626973583653,0.0,,,0.0,1.0,1.0941789037591627,2026-04-08,USD,US Dollar,,0.0
2026-04-08T16:42:01Z,BCRX.US,Healthcare,Drug Manufacturers - Specialty & Generic,9,0.0333333333333333,False,buy_buffer_entry,,0.7789847720014006,-0.0574999032395402,1.66439499142287,0.263893845047597,0.0978954823653992,-0.0043219799428716,0.548281876941987,4.0,1.0,1.3974423754234588,2026-04-08,USD,US Dollar,0.548281876941987,0.0
2026-04-08T16:42:01Z,TCMD.US,Healthcare,Medical Devices,10,0.0333333333333333,False,buy_buffer_entry,,0.737527317593928,0.0349203529469666,0.9042133006256798,0.5303056145053494,0.0,,,0.0,1.0,1.1490014246413072,2026-04-08,USD,US Dollar,,0.0
2026-04-08T16:42:01Z,PRLB.US,Industrials,Metal Fabrication,11,0.0333333333333333,False,buy_buffer_entry,,0.712249585783078,0.0383468586387434,0.3118766891780813,0.610714201741186,0.0,0.0001181030273437,0.7468934507720307,4.0,1.0,1.10248429167411,2026-04-08,USD,US Dollar,0.7468934507720307,0.0
2026-04-08T16:42:01Z,CARG.US,Consumer Cyclical,Auto & Truck Dealerships,12,0.0333333333333333,False,buy_buffer_entry,,0.7013561341038284,0.0894404049932824,1.2623399108924802,0.2592549744739827,-0.0,-0.0002248953862865,0.5554279605286689,5.0,1.0,1.0145483818817331,2026-04-08,USD,US Dollar,0.5554279605286689,0.0
2026-04-08T16:42:01Z,ITRN.US,Technology,Scientific & Technical Instruments,13,0.0333333333333333,False,buy_buffer_entry,,0.6957905250232226,0.1176053282396702,0.4623783705406847,0.282684923532196,0.0262165220143294,,0.34895,1.0,1.0,1.249444561799544,2026-04-08,USD,US Dollar,0.34895,0.0
2026-04-08T16:42:01Z,STRA.US,Consumer Defensive,Education & Training Services,14,0.0333333333333333,False,buy_buffer_entry,,0.6841122066867287,0.0833224523612261,0.3046832537011782,0.9695822090923496,0.1240656848693788,-1.6334807789730732e-06,0.5742718037689536,5.0,1.0,1.029972450989446,2026-04-08,USD,US Dollar,0.5742718037689536,0.0
2026-04-08T16:42:01Z,ANF.US,Consumer Cyclical,Apparel Retail,15,0.0333333333333333,False,buy_buffer_entry,,0.6613628867506972,0.0848577523550622,0.8702700886592803,0.5595086367898776,0.0100266745355022,0.0002994443102647,0.6304702654511248,19.0,1.0,1.0063732727954235,2026-04-08,USD,US Dollar,0.6304702654511248,0.0
2026-04-08T16:42:01Z,FDX.US,Industrials,Integrated Freight & Logistics,16,0.0333333333333333,False,buy_buffer_entry,,0.6219061563376224,0.0480725099601593,0.2167710865372545,0.4862776485949391,0.0551525949952819,0.0419504800533215,0.3723194098204184,40.0,1.0,1.260388221406685,2026-04-08,USD,US Dollar,0.3723194098204184,0.0
2026-04-08T16:42:01Z,IRDM.US,Communication Services,Telecom Services,17,0.0333333333333333,False,buy_buffer_entry,,0.6051028861232909,0.1180979831708294,0.2663293571852174,0.1758389314476829,0.0,0.0005582103470777,0.4552351606767589,14.0,1.0,1.485068792018836,2026-04-08,USD,US Dollar,0.4552351606767589,0.0
2026-04-08T16:42:01Z,BSM.US,Energy,Oil & Gas E&P,18,0.0333333333333333,False,buy_buffer_entry,,0.5945189094507805,0.0836976753012618,0.236806598610015,0.3782731908573159,0.0551600935752859,0.0065178882972696,0.6284957493162929,4.0,1.0,1.0616564365428185,2026-04-08,USD,US Dollar,0.6284957493162929,0.0
2026-04-08T16:42:01Z,GCT.US,Technology,Software - Infrastructure,19,0.0333333333333333,False,buy_buffer_entry,,0.5877453668409174,0.0720401234668282,0.2500426209958094,0.3560833782725448,0.1355540479851443,-0.0008862900527651,0.6619234088404617,9.0,1.0,1.2129367778756617,2026-04-08,USD,US Dollar,0.6619234088404617,0.0
2026-04-08T16:42:01Z,INCY.US,Healthcare,Biotechnology,20,0.0333333333333333,False,buy_buffer_entry,,0.5360871273843736,0.0466916828955493,0.6758471181190269,0.6388872258275733,-0.0,4.316939093207406e-05,0.667686817287957,11.0,1.0,1.0225546269479764,2026-04-08,USD,US Dollar,0.667686817287957,0.0
2026-04-08T16:42:01Z,FCN.US,Industrials,Consulting Services,21,0.0333333333333333,False,rank_fill,,0.5222928561719045,0.1113683916864276,0.3487939360463517,0.3871336896495538,0.0626083462775798,0.0009886423314952,0.4612262413494691,11.0,1.0,1.0703218441041125,2026-04-08,USD,US Dollar,0.4612262413494691,0.0
2026-04-08T16:42:01Z,KR.US,Consumer Defensive,Grocery Stores,22,0.0333333333333333,False,rank_fill,,0.5097996909280738,0.1095777777777777,0.6221341182595462,0.1402985838901918,3.696667295228893e-05,0.0586380589097967,0.2271356603297631,29.0,1.0,1.036090934123363,2026-04-08,USD,US Dollar,0.2271356603297631,0.0
2026-04-08T16:42:01Z,FIX.US,Industrials,Engineering & Construction,23,0.0333333333333333,False,rank_fill,,0.5031738971273957,0.0117187980433263,0.3409162218845678,0.0576232175014543,0.0,,,,1.0,1.5074055427685986,2026-04-08,USD,US Dollar,,0.0
2026-04-08T16:42:01Z,EME.US,Industrials,Engineering & Construction,24,0.0333333333333333,False,rank_fill,,0.5004355560382411,0.0392363185780208,0.3465886784850969,0.1365855527997469,5.263305339447662e-05,-0.0022541250566794,0.6898758044459551,21.0,1.0,1.1385745024191003,2026-04-08,USD,US Dollar,0.6898758044459551,0.0
2026-04-08T16:42:01Z,KLIC.US,Technology,Semiconductor Equipment & Materials,25,0.0333333333333333,False,rank_fill,,0.4981364327824088,0.0558150054843291,0.2516620756975647,0.3865816289992524,0.0,-0.0014472434301759,0.7674266717995809,6.0,1.0,1.402678697149108,2026-04-08,USD,US Dollar,0.7674266717995809,0.0
2026-04-08T16:42:01Z,SNX.US,Technology,Electronics & Computer Distribution,26,0.0333333333333333,False,rank_fill,,0.4822791898129101,0.0500052705126114,0.1275581738032094,0.6433157379165821,0.0769829175101145,,,,1.0,1.255012022705476,2026-04-08,USD,US Dollar,,0.0
2026-04-08T16:42:01Z,FE.US,Utilities,Utilities - Regulated Electric,27,0.0333333333333333,False,rank_fill,,0.4792556071489632,0.034766897746967,0.1478427303949628,0.4243562099254888,-0.0,0.3563245036855201,0.4502482796387617,8.0,1.0,1.121245591725606,2026-04-08,USD,US Dollar,0.4502482796387617,0.0
2026-04-08T16:42:01Z,GRDN.US,Healthcare,Medical Care Facilities,28,0.0333333333333333,False,rank_fill,,0.4715848239424475,-0.0208256610013535,0.6834763896495403,0.1379130173217655,0.2958879070503059,,,,1.0,1.4231744710062484,2026-04-08,USD,US Dollar,,0.0
2026-04-08T16:42:01Z,LINC.US,Consumer Defensive,Education & Training Services,29,0.0333333333333333,False,rank_fill,,0.4697373813971514,-0.0119452267650772,0.6343772051487944,0.2588923722266997,0.0777425279609413,,,,1.0,1.690448669699519,2026-04-08,USD,US Dollar,,0.0
2026-04-08T16:42:01Z,JAZZ.US,Healthcare,Biotechnology,30,0.0333333333333333,False,rank_fill,,0.4678902839443403,0.0760942627297105,0.322856182253884,0.6472942631511741,0.0002844020981331,0.0120643935609904,0.6106241714059432,3.0,1.0,1.3036758545443268,2026-04-08,USD,US Dollar,0.6106241714059432,0.0
2026-04-09T19:34:55Z,PVH.US,Consumer Cyclical,Apparel Manufacturing,1,0.0333333333333333,False,buy_buffer_entry,,1.085623299781138,0.1569028218694885,0.4407670576149302,1.736670878226508,,-0.0074131381603379,0.5823971735375122,31.0,1.0,1.1886739197716127,2026-04-08,USD,US Dollar,0.5823971735375122,0.0
2026-04-09T19:34:55Z,SAM.US,Consumer Defensive,Beverages - Brewers,2,0.0333333333333333,False,buy_buffer_entry,,0.999384358509576,0.0999660268387973,0.7980763994487242,0.3590401351507558,-0.0,-0.0006012385564556,0.5343396279344443,8.0,1.0,1.177669576727267,2026-04-08,USD,US Dollar,0.5343396279344443,0.0
2026-04-09T19:34:55Z,WHD.US,Energy,Oil & Gas Equipment & Services,3,0.0333333333333333,False,buy_buffer_entry,,0.9370800540996304,0.1470949196020771,0.3148614273112501,0.357881296581244,0.0153748672170734,0.0010077324253612,0.6470859686484374,4.0,1.0,1.1692535851153605,2026-04-08,USD,US Dollar,0.6470859686484374,0.0
2026-04-09T19:34:55Z,DLX.US,Industrials,Conglomerates,4,0.0333333333333333,False,buy_buffer_entry,,0.8350727353584428,0.0263173742929327,0.3949224748568236,0.9432153415077718,0.0,-0.0001592914583773,0.6465968987194741,12.0,1.0,1.3392896775508167,2026-04-08,USD,US Dollar,0.6465968987194741,0.0
2026-04-09T19:34:55Z,RNG.US,Technology,Software - Application,5,0.0333333333333333,False,buy_buffer_entry,,0.8325503185442036,0.052965682336337,1.2090384115616066,0.175418709054199,0.0,-0.0020109294082009,0.7176635686448086,6.0,1.0,1.219349077807696,2026-04-08,USD,US Dollar,0.7176635686448086,0.0
2026-04-09T19:34:55Z,CMPR.US,Industrials,Specialty Business Services,6,0.0333333333333333,False,buy_buffer_entry,,0.823028644145052,0.0506512813868199,0.821811818647416,0.2519513228790196,0.0,,,0.0,1.0,1.1528563528281195,2026-04-08,USD,US Dollar,,0.0
2026-04-09T19:34:55Z,DTE.US,Utilities,Utilities - Regulated Electric,7,0.0333333333333333,False,buy_buffer_entry,,0.8151166112642051,0.0303,0.2484370954019161,0.397535768336248,0.0,-0.0109843143258169,0.530112482036258,16.0,1.0,1.0859770514602762,2026-04-08,USD,US Dollar,0.530112482036258,0.0
2026-04-09T19:34:55Z,BCRX.US,Healthcare,Drug Manufacturers - Specialty & Generic,8,0.0333333333333333,False,buy_buffer_entry,,0.757464506418859,-0.0574999032395402,1.66439499142287,0.2587671026613425,0.096399125730841,-0.0097017239669965,0.475384388833282,5.0,1.0,1.4251287659450846,2026-04-08,USD,US Dollar,0.475384388833282,0.0
2026-04-09T19:34:55Z,TCMD.US,Healthcare,Medical Devices,9,0.0333333333333333,False,buy_buffer_entry,,0.7424040245106589,0.0349203529469666,0.9042133006256798,0.5283284869662296,0.0,,,0.0,1.0,1.153301254037581,2026-04-08,USD,US Dollar,,0.0
2026-04-09T19:34:55Z,MSM.US,Industrials,Industrial Distribution,10,0.0333333333333333,False,buy_buffer_entry,,0.6960505991801644,0.0480915362945376,0.6239216364806114,0.3179097822996005,-0.0060261031512146,0.024697233578365,0.1631211596918833,22.0,1.0,1.0818097585307338,2026-04-08,USD,US Dollar,0.1631211596918833,0.0
2026-04-09T19:34:55Z,PRLB.US,Industrials,Metal Fabrication,11,0.0333333333333333,False,buy_buffer_entry,,0.6953411453952651,0.0383468586387434,0.3118766891780813,0.5806377362406228,0.0,-0.0021690545333058,0.6204678501597982,5.0,1.0,1.1573843612874422,2026-04-08,USD,US Dollar,0.6204678501597982,0.0
2026-04-09T19:34:55Z,MYRG.US,Industrials,Engineering & Construction,12,0.0333333333333333,False,buy_buffer_entry,,0.6725532238555343,0.0520854411230787,0.25777593412482,0.1730363620616538,0.0285430400840518,0.08028659422189,0.3395278818450451,6.0,1.0,1.3546899210628822,2026-04-08,USD,US Dollar,0.3395278818450451,0.0
2026-04-09T19:34:55Z,OMAB.US,Industrials,Airports & Air Services,13,0.0333333333333333,False,buy_buffer_entry,,0.6688772467051578,0.042,0.3900333353039749,2.104147848433125,-0.0,,,0.0,1.0,1.0706276645976187,2026-04-08,USD,US Dollar,,0.0
2026-04-09T19:34:55Z,STRA.US,Consumer Defensive,Education & Training Services,14,0.0333333333333333,False,buy_buffer_entry,,0.6671609240582637,0.0834224523612262,0.3046832537011782,0.9708599666073028,0.1221693102237913,-2.481768687334629e-06,0.6036340182747744,5.0,1.0,1.028616895003298,2026-04-08,USD,US Dollar,0.6036340182747744,0.0
2026-04-09T19:34:55Z,ITRN.US,Technology,Scientific & Technical Instruments,15,0.0333333333333333,False,buy_buffer_entry,,0.6419529395335877,0.1143053282396702,0.4623783705406847,0.2748889329971584,0.0258157959981405,,0.34895,1.0,1.0,1.2848794477065153,2026-04-08,USD,US Dollar,0.34895,0.0
2026-04-09T19:34:55Z,BSM.US,Energy,Oil & Gas E&P,16,0.0333333333333333,False,buy_buffer_entry,,0.6091211267314575,0.0853976753012618,0.236806598610015,0.3841379126681929,0.0543169579168278,-0.0021831332637021,0.6908094175701038,5.0,1.0,1.045447883693132,2026-04-08,USD,US Dollar,0.6908094175701038,0.0
2026-04-09T19:34:55Z,GCT.US,Technology,Software - Infrastructure,17,0.0333333333333333,False,buy_buffer_entry,,0.6064503059220347,0.0720401234668282,0.2500426209958094,0.3205141132472232,0.1334820708709534,0.0008362970606434,0.6797927780326949,10.0,1.0,1.3475432364622175,2026-04-08,USD,US Dollar,0.6797927780326949,0.0
2026-04-09T19:34:55Z,INCY.US,Healthcare,Biotechnology,18,0.0333333333333333,False,buy_buffer_entry,,0.5621844625262288,0.0466916828955493,0.6758471181190269,0.6242293383316355,-0.0,4.2053558622412446e-05,0.667686817287957,11.0,1.0,1.046565819245207,2026-04-08,USD,US Dollar,0.667686817287957,0.0
2026-04-09T19:34:55Z,CROX.US,Consumer Cyclical,Footwear & Accessories,19,0.0333333333333333,False,buy_buffer_entry,,0.5474213179411818,0.0939965235994116,0.5645978801125816,0.4026626267816607,0.0,0.0009737328923453,0.7709005144465483,19.0,1.0,1.0641318226679528,2026-04-08,USD,US Dollar,0.7709005144465483,0.0
2026-04-09T19:34:55Z,FE.US,Utilities,Utilities - Regulated Electric,20,0.0333333333333333,False,buy_buffer_entry,,0.5367763710421652,0.034466897746967,0.1478427303949628,0.421053812068115,-0.0,0.0214592230485846,0.5114602323464441,12.0,1.0,1.1300397147891574,2026-04-08,USD,US Dollar,0.5114602323464441,0.0
2026-04-09T19:34:55Z,EME.US,Industrials,Engineering & Construction,21,0.0333333333333333,False,rank_fill,,0.5362187773039293,0.0391363185780208,0.3465886784850969,0.1298755960594023,5.182854416952679e-05,-0.0046265887878937,0.7172469046016212,24.0,1.0,1.1973983761004756,2026-04-08,USD,US Dollar,0.7172469046016212,0.0
2026-04-09T19:34:55Z,IRDM.US,Communication Services,Telecom Services,22,0.0333333333333333,False,rank_fill,,0.5317206868317488,0.1176979831708294,0.2663293571852174,0.1697947904198758,0.0,-0.0002509848959612,0.4416249945393237,15.0,1.0,1.5379323998642882,2026-04-08,USD,US Dollar,0.4416249945393237,0.0
2026-04-09T19:34:55Z,ODC.US,Basic Materials,Specialty Chemicals,24,0.0333333333333333,False,rank_fill,,0.4864039451775427,0.0565096186488627,0.3653086599417377,0.2941340041359693,,,,0.0,1.0,1.032148894786281,2026-04-08,USD,US Dollar,,0.0
2026-04-09T19:34:55Z,GRDN.US,Healthcare,Medical Care Facilities,26,0.0333333333333333,False,rank_fill,,0.4775482517661706,-0.0208256610013535,0.6834763896495403,0.1352601888271297,0.2913651872873279,,,,1.0,1.4460383034992494,2026-04-08,USD,US Dollar,,0.0
2026-04-09T19:34:55Z,SNX.US,Technology,Electronics & Computer Distribution,27,0.0333333333333333,False,rank_fill,,0.4745070925041631,0.0499052705126114,0.1275581738032094,0.6284393412123309,0.0758062145961441,,,,1.0,1.284720628602673,2026-04-08,USD,US Dollar,,0.0
2026-04-09T19:34:55Z,CNC.US,Healthcare,Healthcare Plans,29,0.0333333333333333,False,rank_fill,,0.4620402717966737,0.062383530885318,0.3068907044720001,1.5076033967530789,0.0,-0.0021610840784352,0.3740857557498498,43.0,1.0,1.0135403944632817,2026-04-08,USD,US Dollar,0.3740857557498498,0.0
2026-04-09T19:34:55Z,EXEL.US,Healthcare,Biotechnology,30,0.0333333333333333,False,rank_fill,,0.4559208473508447,0.0481845933570164,0.7862504979041444,0.43283715774302,0.0,0.006345649619552,0.4442788250012762,7.0,1.0,1.0107965651430515,2026-04-08,USD,US Dollar,0.4442788250012762,0.0
2026-04-09T19:34:55Z,NYT.US,Communication Services,Publishing,32,0.0333333333333333,False,rank_fill,,0.4285610766502217,0.0158808783971243,0.4505029878982613,0.2215395546591704,0.0,,,,1.0,1.286267550593256,2026-04-08,USD,US Dollar,,0.0
2026-04-09T19:34:55Z,LINC.US,Consumer Defensive,Education & Training Services,33,0.0333333333333333,False,rank_fill,,0.4239520824665326,-0.0119452267650772,0.6343772051487944,0.2652334072050256,0.0765542142135564,,,,1.0,1.6500344765683228,2026-04-08,USD,US Dollar,,0.0
2026-04-09T19:34:55Z,EHAB.US,Healthcare,Medical Care Facilities,34,0.0333333333333333,False,rank_fill,,0.4197498040102398,-0.0119521912350597,0.4260988775597635,1.1180519705290075,-0.0165942555569105,0.0435868166302947,,0.0,1.0,1.4832876806247373,2026-04-08,USD,US Dollar,,0.0
2026-04-10T10:46:30Z,PVH.US,Consumer Cyclical,Apparel Manufacturing,1,0.0333333333333333,False,buy_buffer_entry,,1.0774720112176503,0.1569028218694885,0.4407670576149302,1.736670878226508,,-0.0072388258399064,0.5911796220085372,27.0,1.0,1.1886739197716127,2026-04-08,USD,US Dollar,0.5911796220085372,0.0
2026-04-10T10:46:30Z,SAM.US,Consumer Defensive,Beverages - Brewers,2,0.0333333333333333,False,buy_buffer_entry,,0.998129046430482,0.0999660268387973,0.7980763994487242,0.3590401351507558,-0.0,-0.0006015709718178,0.5343396279344443,8.0,1.0,1.177669576727267,2026-04-08,USD,US Dollar,0.5343396279344443,0.0
2026-04-10T10:46:30Z,NRG.US,Utilities,Utilities - Independent Power Producers,3,0.0333333333333333,False,buy_buffer_entry,,0.9848752240510804,0.0737207547169811,0.230267673301304,0.0900572390287553,9.02013744082525e-05,-0.0023430019134114,0.5042472168242124,10.0,1.0,1.073948160883352,2026-04-08,USD,US Dollar,0.5042472168242124,0.0
2026-04-10T10:46:30Z,WHD.US,Energy,Oil & Gas Equipment & Services,4,0.0333333333333333,False,buy_buffer_entry,,0.9478271148960412,0.1470949196020771,0.3148614273112501,0.357881296581244,0.0151398585730601,0.0010077324253612,0.6470859686484374,4.0,1.0,1.1692535851153605,2026-04-08,USD,US Dollar,0.6470859686484374,0.0
2026-04-10T10:46:30Z,DLX.US,Industrials,Conglomerates,5,0.0333333333333333,False,buy_buffer_entry,,0.8362306544987328,0.0263173742929327,0.3949224748568236,0.9432153415077718,0.0,-0.000155528348093,0.650392225944426,9.0,1.0,1.3392896775508167,2026-04-08,USD,US Dollar,0.650392225944426,0.0
2026-04-10T10:46:30Z,RNG.US,Technology,Software - Application,6,0.0333333333333333,False,buy_buffer_entry,,0.829206967244665,0.052965682336337,1.2090384115616066,0.175418709054199,0.0,-0.0043445423596887,0.6780768474790827,5.0,1.0,1.219349077807696,2026-04-08,USD,US Dollar,0.6780768474790827,0.0
2026-04-10T10:46:30Z,CMPR.US,Industrials,Specialty Business Services,7,0.0333333333333333,False,buy_buffer_entry,,0.8227782973945768,0.0506512813868199,0.821811818647416,0.2519513228790196,0.0,,,0.0,1.0,1.1528563528281195,2026-04-08,USD,US Dollar,,0.0
2026-04-10T10:46:30Z,DTE.US,Utilities,Utilities - Regulated Electric,8,0.0333333333333333,False,buy_buffer_entry,,0.813545836179544,0.0303,0.2484370954019161,0.397535768336248,0.0,-0.0108204205496993,0.5208579167614686,16.0,1.0,1.0859770514602762,2026-04-08,USD,US Dollar,0.5208579167614686,0.0
2026-04-10T10:46:30Z,BCRX.US,Healthcare,Drug Manufacturers - Specialty & Generic,9,0.0333333333333333,False,buy_buffer_entry,,0.7900219855626058,-0.0574999032395402,1.66439499142287,0.2587671026613425,0.0949256412771403,-0.0097017239669965,0.475384388833282,5.0,1.0,1.4251287659450846,2026-04-08,USD,US Dollar,0.475384388833282,0.0
2026-04-10T10:46:30Z,TCMD.US,Healthcare,Medical Devices,10,0.0333333333333333,False,buy_buffer_entry,,0.7417482071199976,0.0349203529469666,0.9042133006256798,0.5283284869662296,0.0,,,0.0,1.0,1.153301254037581,2026-04-08,USD,US Dollar,,0.0
2026-04-10T10:46:30Z,PRLB.US,Industrials,Metal Fabrication,11,0.0333333333333333,False,buy_buffer_entry,,0.7068109349506506,0.0383468586387434,0.3118766891780813,0.5806377362406228,0.0,-0.0023517166940788,0.6744466724349926,4.0,1.0,1.1573843612874422,2026-04-08,USD,US Dollar,0.6744466724349926,0.0
2026-04-10T10:46:30Z,MSM.US,Industrials,Industrial Distribution,12,0.0333333333333333,False,buy_buffer_entry,,0.6969249454052666,0.0480915362945376,0.6239216364806114,0.3179097822996005,-0.0059339926757056,0.0246651946531935,0.1631211596918833,22.0,1.0,1.0818097585307338,2026-04-08,USD,US Dollar,0.1631211596918833,0.0
2026-04-10T10:46:30Z,MYRG.US,Industrials,Engineering & Construction,13,0.0333333333333333,False,buy_buffer_entry,,0.6737043651919007,0.0520854411230787,0.25777593412482,0.1730363620616538,0.0281067526643646,-0.0036583777473558,0.3418513524227312,7.0,1.0,1.3546899210628822,2026-04-08,USD,US Dollar,0.3418513524227312,0.0
2026-04-10T10:46:30Z,ITRN.US,Technology,Scientific & Technical Instruments,14,0.0333333333333333,False,buy_buffer_entry,,0.6692502438201844,0.1143053282396702,0.4623783705406847,0.2748889329971584,0.0254211951781146,,0.34895,1.0,1.0,1.2848794477065153,2026-04-08,USD,US Dollar,0.34895,0.0
2026-04-10T10:46:30Z,OMAB.US,Industrials,Airports & Air Services,15,0.0333333333333333,False,buy_buffer_entry,,0.6686268999546827,0.042,0.3900333353039749,2.104147848433125,-0.0,,,0.0,1.0,1.0706276645976187,2026-04-08,USD,US Dollar,,0.0
2026-04-10T10:46:30Z,STRA.US,Consumer Defensive,Education & Training Services,16,0.0333333333333333,False,buy_buffer_entry,,0.6664038832465038,0.0834224523612262,0.3046832537011782,0.9708599666073028,0.1203019221331905,-1.1075741790378404e-07,0.6036340182747744,5.0,1.0,1.028616895003298,2026-04-08,USD,US Dollar,0.6036340182747744,0.0
2026-04-10T10:46:30Z,GCT.US,Technology,Software - Infrastructure,17,0.0333333333333333,False,buy_buffer_entry,,0.6132454391279845,0.0720401234668282,0.2500426209958094,0.3205141132472232,0.1314417644388671,0.0008363531511865,0.6722801488862662,9.0,1.0,1.3475432364622175,2026-04-08,USD,US Dollar,0.6722801488862662,0.0
2026-04-10T10:46:30Z,ANF.US,Consumer Cyclical,Apparel Retail,18,0.0333333333333333,False,buy_buffer_entry,,0.5469650323233279,0.0848577523550622,0.8702700886592803,0.5375057848268991,0.0097224967604443,-0.0098953129676639,0.5895594762609839,26.0,1.0,1.047569261314779,2026-04-08,USD,US Dollar,0.5895594762609839,0.0
2026-04-10T10:46:30Z,FE.US,Utilities,Utilities - Regulated Electric,19,0.0333333333333333,False,buy_buffer_entry,,0.5466866070260569,0.034466897746967,0.1478427303949628,0.421053812068115,-0.0,0.0211875178157162,0.5216385284174322,11.0,1.0,1.1300397147891574,2026-04-08,USD,US Dollar,0.5216385284174322,0.0
2026-04-10T10:46:30Z,EME.US,Industrials,Engineering & Construction,20,0.0333333333333333,False,buy_buffer_entry,,0.5350402342698714,0.0391363185780208,0.3465886784850969,0.1298755960594023,5.103633206684682e-05,-0.00115256240066,0.7317111927128598,23.0,1.0,1.1973983761004756,2026-04-08,USD,US Dollar,0.7317111927128598,0.0
2026-04-10T10:46:30Z,IRDM.US,Communication Services,Telecom Services,21,0.0333333333333333,False,rank_fill,,0.5349842450667962,0.1176979831708294,0.2663293571852174,0.1697947904198758,0.0,-0.0003668297149822,0.4737262353017659,15.0,1.0,1.5379323998642882,2026-04-08,USD,US Dollar,0.4737262353017659,0.0
2026-04-10T10:46:30Z,CROX.US,Consumer Cyclical,Footwear & Accessories,22,0.0333333333333333,False,rank_fill,,0.5227741187131577,0.0939965235994116,0.5645978801125816,0.4026626267816607,0.0,-0.0072474621336419,0.7058607310068636,19.0,1.0,1.0641318226679528,2026-04-08,USD,US Dollar,0.7058607310068636,0.0
2026-04-10T10:46:30Z,BSM.US,Energy,Oil & Gas E&P,23,0.0333333333333333,False,rank_fill,,0.522463990598804,0.0853976753012618,0.236806598610015,0.3841379126681929,0.0,-0.0021831332637021,0.6874618298717179,5.0,1.0,1.045447883693132,2026-04-08,USD,US Dollar,0.6874618298717179,0.0
2026-04-10T10:46:30Z,CNC.US,Healthcare,Healthcare Plans,24,0.0333333333333333,False,rank_fill,,0.4959001579062102,0.062383530885318,0.3068907044720001,1.5076033967530789,0.0,-0.0021458426688025,0.3745148019168379,42.0,1.0,1.0135403944632817,2026-04-08,USD,US Dollar,0.3745148019168379,0.0
2026-04-10T10:46:30Z,ODC.US,Basic Materials,Specialty Chemicals,26,0.0333333333333333,False,rank_fill,,0.4864039451775428,0.0565096186488627,0.3653086599417377,0.2941340041359693,,,,0.0,1.0,1.032148894786281,2026-04-08,USD,US Dollar,,0.0
2026-04-10T10:46:30Z,GRDN.US,Healthcare,Medical Care Facilities,28,0.0333333333333333,False,rank_fill,,0.4775482517661705,-0.0208256610013535,0.6834763896495403,0.1352601888271297,0.2869115984133354,,,,1.0,1.4460383034992494,2026-04-08,USD,US Dollar,,0.0
2026-04-10T10:46:30Z,SNX.US,Technology,Electronics & Computer Distribution,29,0.0333333333333333,False,rank_fill,,0.474507092504163,0.0499052705126114,0.1275581738032094,0.6284393412123309,0.0746474978769366,,,,1.0,1.284720628602673,2026-04-08,USD,US Dollar,,0.0
2026-04-10T10:46:30Z,EXEL.US,Healthcare,Biotechnology,30,0.0333333333333333,False,rank_fill,,0.4741943287068598,0.0481845933570164,0.7862504979041444,0.43283715774302,0.0,0.0063506677430973,0.4043980175944735,6.0,1.0,1.0107965651430515,2026-04-08,USD,US Dollar,0.4043980175944735,0.0
2026-04-10T10:46:30Z,NYT.US,Communication Services,Publishing,34,0.0333333333333333,False,rank_fill,,0.4280228661930655,0.0158808783971243,0.4505029878982613,0.2215395546591704,0.0,,,,1.0,1.286267550593256,2026-04-08,USD,US Dollar,,0.0
2026-04-10T10:46:30Z,LINC.US,Consumer Defensive,Education & Training Services,35,0.0333333333333333,False,rank_fill,,0.4239520824665326,-0.0119452267650772,0.6343772051487944,0.2652334072050256,0.0753840641353917,,,,1.0,1.6500344765683228,2026-04-08,USD,US Dollar,,0.0
2026-04-10T10:52:53Z,PVH.US,Consumer Cyclical,Apparel Manufacturing,1,0.016666666666666666,False,buy_buffer_entry,,1.0774720112176503,0.1569028218694885,0.4407670576149302,1.736670878226508,,-0.0072388258399064,0.5911796220085372,27.0,1.0,1.1886739197716127,2026-04-10,USD,US Dollar,0.5911796220085372,0.0
2026-04-10T10:52:53Z,SAM.US,Consumer Defensive,Beverages - Brewers,2,0.016666666666666666,False,buy_buffer_entry,,0.998129046430482,0.0999660268387973,0.7980763994487242,0.3590401351507558,-0.0,-0.0006015709718178,0.5343396279344443,8.0,1.0,1.177669576727267,2026-04-10,USD,US Dollar,0.5343396279344443,0.0
2026-04-10T10:52:53Z,NRG.US,Utilities,Utilities - Independent Power Producers,3,0.016666666666666666,False,buy_buffer_entry,,0.9848752240510804,0.0737207547169811,0.230267673301304,0.0900572390287553,9.02013744082525e-05,-0.0023430019134114,0.5042472168242124,10.0,1.0,1.073948160883352,2026-04-10,USD,US Dollar,0.5042472168242124,0.0
2026-04-10T10:52:53Z,WHD.US,Energy,Oil & Gas Equipment & Services,4,0.016666666666666666,False,buy_buffer_entry,,0.9478271148960412,0.1470949196020771,0.3148614273112501,0.357881296581244,0.0151398585730601,0.0010077324253612,0.6470859686484374,4.0,1.0,1.1692535851153605,2026-04-10,USD,US Dollar,0.6470859686484374,0.0
2026-04-10T10:52:53Z,DLX.US,Industrials,Conglomerates,5,0.016666666666666666,False,buy_buffer_entry,,0.8362306544987328,0.0263173742929327,0.3949224748568236,0.9432153415077718,0.0,-0.000155528348093,0.650392225944426,9.0,1.0,1.3392896775508167,2026-04-10,USD,US Dollar,0.650392225944426,0.0
2026-04-10T10:52:53Z,RNG.US,Technology,Software - Application,6,0.016666666666666666,False,buy_buffer_entry,,0.829206967244665,0.052965682336337,1.2090384115616066,0.175418709054199,0.0,-0.0043445423596887,0.6780768474790827,5.0,1.0,1.219349077807696,2026-04-10,USD,US Dollar,0.6780768474790827,0.0
2026-04-10T10:52:53Z,CMPR.US,Industrials,Specialty Business Services,7,0.016666666666666666,False,buy_buffer_entry,,0.8227782973945768,0.0506512813868199,0.821811818647416,0.2519513228790196,0.0,,,0.0,1.0,1.1528563528281195,2026-04-10,USD,US Dollar,,0.0
2026-04-10T10:52:53Z,DTE.US,Utilities,Utilities - Regulated Electric,8,0.016666666666666666,False,buy_buffer_entry,,0.813545836179544,0.0303,0.2484370954019161,0.397535768336248,0.0,-0.0108204205496993,0.5208579167614686,16.0,1.0,1.0859770514602762,2026-04-10,USD,US Dollar,0.5208579167614686,0.0
2026-04-10T10:52:53Z,BCRX.US,Healthcare,Drug Manufacturers - Specialty & Generic,9,0.016666666666666666,False,buy_buffer_entry,,0.7900219855626058,-0.0574999032395402,1.66439499142287,0.2587671026613425,0.0949256412771403,-0.0097017239669965,0.475384388833282,5.0,1.0,1.4251287659450846,2026-04-10,USD,US Dollar,0.475384388833282,0.0
2026-04-10T10:52:53Z,TCMD.US,Healthcare,Medical Devices,10,0.016666666666666666,False,buy_buffer_entry,,0.7417482071199976,0.0349203529469666,0.9042133006256798,0.5283284869662296,0.0,,,0.0,1.0,1.153301254037581,2026-04-10,USD,US Dollar,,0.0
2026-04-10T10:52:53Z,PRLB.US,Industrials,Metal Fabrication,11,0.016666666666666666,False,buy_buffer_entry,,0.7068109349506506,0.0383468586387434,0.3118766891780813,0.5806377362406228,0.0,-0.0023517166940788,0.6744466724349926,4.0,1.0,1.1573843612874422,2026-04-10,USD,US Dollar,0.6744466724349926,0.0
2026-04-10T10:52:53Z,MSM.US,Industrials,Industrial Distribution,12,0.016666666666666666,False,buy_buffer_entry,,0.6969249454052666,0.0480915362945376,0.6239216364806114,0.3179097822996005,-0.0059339926757056,0.0246651946531935,0.1631211596918833,22.0,1.0,1.0818097585307338,2026-04-10,USD,US Dollar,0.1631211596918833,0.0
2026-04-10T10:52:53Z,MYRG.US,Industrials,Engineering & Construction,13,0.016666666666666666,False,buy_buffer_entry,,0.6737043651919007,0.0520854411230787,0.25777593412482,0.1730363620616538,0.0281067526643646,-0.0036583777473558,0.3418513524227312,7.0,1.0,1.3546899210628822,2026-04-10,USD,US Dollar,0.3418513524227312,0.0
2026-04-10T10:52:53Z,ITRN.US,Technology,Scientific & Technical Instruments,14,0.016666666666666666,False,buy_buffer_entry,,0.6692502438201844,0.1143053282396702,0.4623783705406847,0.2748889329971584,0.0254211951781146,,0.34895,1.0,1.0,1.2848794477065153,2026-04-10,USD,US Dollar,0.34895,0.0
2026-04-10T10:52:53Z,OMAB.US,Industrials,Airports & Air Services,15,0.016666666666666666,False,buy_buffer_entry,,0.6686268999546827,0.042,0.3900333353039749,2.104147848433125,-0.0,,,0.0,1.0,1.0706276645976187,2026-04-10,USD,US Dollar,,0.0
2026-04-10T10:52:53Z,STRA.US,Consumer Defensive,Education & Training Services,16,0.016666666666666666,False,buy_buffer_entry,,0.6664038832465038,0.0834224523612262,0.3046832537011782,0.9708599666073028,0.1203019221331905,-1.1075741790378403e-07,0.6036340182747744,5.0,1.0,1.028616895003298,2026-04-10,USD,US Dollar,0.6036340182747744,0.0
2026-04-10T10:52:53Z,GCT.US,Technology,Software - Infrastructure,17,0.016666666666666666,False,buy_buffer_entry,,0.6132454391279845,0.0720401234668282,0.2500426209958094,0.3205141132472232,0.1314417644388671,0.0008363531511865,0.6722801488862662,9.0,1.0,1.3475432364622175,2026-04-10,USD,US Dollar,0.6722801488862662,0.0
2026-04-10T10:52:53Z,ANF.US,Consumer Cyclical,Apparel Retail,18,0.016666666666666666,False,buy_buffer_entry,,0.5469650323233279,0.0848577523550622,0.8702700886592803,0.5375057848268991,0.0097224967604443,-0.0098953129676639,0.5895594762609839,26.0,1.0,1.047569261314779,2026-04-10,USD,US Dollar,0.5895594762609839,0.0
2026-04-10T10:52:53Z,FE.US,Utilities,Utilities - Regulated Electric,19,0.016666666666666666,False,buy_buffer_entry,,0.5466866070260569,0.034466897746967,0.1478427303949628,0.421053812068115,-0.0,0.0211875178157162,0.5216385284174322,11.0,1.0,1.1300397147891574,2026-04-10,USD,US Dollar,0.5216385284174322,0.0
2026-04-10T10:52:53Z,EME.US,Industrials,Engineering & Construction,20,0.016666666666666666,False,buy_buffer_entry,,0.5350402342698714,0.0391363185780208,0.3465886784850969,0.1298755960594023,5.103633206684682e-05,-0.00115256240066,0.7317111927128598,23.0,1.0,1.1973983761004756,2026-04-10,USD,US Dollar,0.7317111927128598,0.0
2026-04-10T10:52:53Z,IRDM.US,Communication Services,Telecom Services,21,0.016666666666666666,False,rank_fill,,0.5349842450667962,0.1176979831708294,0.2663293571852174,0.1697947904198758,0.0,-0.0003668297149822,0.4737262353017659,15.0,1.0,1.5379323998642882,2026-04-10,USD,US Dollar,0.4737262353017659,0.0
2026-04-10T10:52:53Z,CROX.US,Consumer Cyclical,Footwear & Accessories,22,0.016666666666666666,False,rank_fill,,0.5227741187131577,0.0939965235994116,0.5645978801125816,0.4026626267816607,0.0,-0.0072474621336419,0.7058607310068636,19.0,1.0,1.0641318226679528,2026-04-10,USD,US Dollar,0.7058607310068636,0.0
2026-04-10T10:52:53Z,BSM.US,Energy,Oil & Gas E&P,23,0.016666666666666666,False,rank_fill,,0.522463990598804,0.0853976753012618,0.236806598610015,0.3841379126681929,0.0,-0.0021831332637021,0.6874618298717179,5.0,1.0,1.045447883693132,2026-04-10,USD,US Dollar,0.6874618298717179,0.0
2026-04-10T10:52:53Z,CNC.US,Healthcare,Healthcare Plans,24,0.016666666666666666,False,rank_fill,,0.4959001579062102,0.062383530885318,0.3068907044720001,1.5076033967530789,0.0,-0.0021458426688025,0.3745148019168379,42.0,1.0,1.0135403944632817,2026-04-10,USD,US Dollar,0.3745148019168379,0.0
2026-04-10T10:52:53Z,FIX.US,Industrials,Engineering & Construction,25,0.016666666666666666,False,rank_fill,,0.4866676346448937,0.0116187980433263,0.3409162218845678,0.0538355946892534,0.0,,,,1.0,1.6055648669615523,2026-04-10,USD,US Dollar,,0.0
2026-04-10T10:52:53Z,ODC.US,Basic Materials,Specialty Chemicals,26,0.016666666666666666,False,rank_fill,,0.4864039451775428,0.0565096186488627,0.3653086599417377,0.2941340041359693,,,,0.0,1.0,1.032148894786281,2026-04-10,USD,US Dollar,,0.0
2026-04-10T10:52:53Z,NSSC.US,Industrials,Security & Protection Services,27,0.016666666666666666,False,rank_fill,,0.4833530177626896,0.0293970377165057,0.5098894221791552,0.1458821760504374,0.0,-0.00273095703125,0.5432326376489343,2.0,1.0,1.0641500117458742,2026-04-10,USD,US Dollar,0.5432326376489343,0.0
2026-04-10T10:52:53Z,GRDN.US,Healthcare,Medical Care Facilities,28,0.016666666666666666,False,rank_fill,,0.4775482517661705,-0.0208256610013535,0.6834763896495403,0.1352601888271297,0.2869115984133354,,,,1.0,1.4460383034992494,2026-04-10,USD,US Dollar,,0.0
2026-04-10T10:52:53Z,SNX.US,Technology,Electronics & Computer Distribution,29,0.016666666666666666,False,rank_fill,,0.474507092504163,0.0499052705126114,0.1275581738032094,0.6284393412123309,0.0746474978769366,,,,1.0,1.284720628602673,2026-04-10,USD,US Dollar,,0.0
2026-04-10T10:52:53Z,EXEL.US,Healthcare,Biotechnology,30,0.016666666666666666,False,rank_fill,,0.4741943287068598,0.0481845933570164,0.7862504979041444,0.43283715774302,0.0,0.0063506677430973,0.4043980175944735,6.0,1.0,1.0107965651430515,2026-04-10,USD,US Dollar,0.4043980175944735,0.0
2026-04-10T10:52:53Z,FERG.US,Industrials,Industrial Distribution,31,0.016666666666666666,False,rank_fill,,0.4730890315206211,0.0354302211302211,0.532178915900502,0.1908676149551987,0.0,-0.0052475828519307,0.3458,1.0,1.0,1.066626713454315,2026-04-10,USD,US Dollar,0.3458,0.0
2026-04-10T10:52:53Z,NYT.US,Communication Services,Publishing,34,0.016666666666666666,False,rank_fill,,0.4280228661930655,0.0158808783971243,0.4505029878982613,0.2215395546591704,0.0,,,,1.0,1.286267550593256,2026-04-10,USD,US Dollar,,0.0
2026-04-10T10:52:53Z,LINC.US,Consumer Defensive,Education & Training Services,35,0.016666666666666666,False,rank_fill,,0.4239520824665326,-0.0119452267650772,0.6343772051487944,0.2652334072050256,0.0753840641353917,,,,1.0,1.6500344765683228,2026-04-10,USD,US Dollar,,0.0
2026-04-10T10:52:53Z,EHAB.US,Healthcare,Medical Care Facilities,36,0.016666666666666666,False,rank_fill,,0.418929717006611,-0.0119521912350597,0.4260988775597635,1.1180519705290075,-0.0163406082608539,0.0435868166302947,,0.0,1.0,1.4832876806247373,2026-04-10,USD,US Dollar,,0.0
2026-04-10T10:52:53Z,MITK.US,Technology,Software - Application,37,0.016666666666666666,False,rank_fill,,0.408482533516307,0.0114182185893654,0.3330450938665981,0.5740984661806793,0.0,,,0.0,1.0,1.2913227541079004,2026-04-10,USD,US Dollar,,0.0
2026-04-10T10:52:53Z,AER.US,Industrials,Rental & Leasing Services,38,0.016666666666666666,False,rank_fill,,0.397694155005036,0.105869913465543,0.068286462484054,0.7577448216771265,0.0,0.0006226820367825,0.5520691080690329,7.0,1.0,1.0714995773905054,2026-04-10,USD,US Dollar,0.5520691080690329,0.0
2026-04-10T10:52:53Z,TPR.US,Consumer Cyclical,Luxury Goods,39,0.016666666666666666,False,rank_fill,,0.3893365945413694,0.0572833619210977,0.803723121343363,0.0940500780566936,0.0,-0.0027021223304342,0.6171083343260504,26.0,1.0,1.164955772942074,2026-04-10,USD,US Dollar,0.6171083343260504,0.0
2026-04-10T10:52:53Z,AXGN.US,Healthcare,Medical Devices,40,0.016666666666666666,False,rank_fill,,0.389219237563898,-0.0404958651543223,0.7549066927695355,0.1362730667461425,0.0451684489784674,,,,1.0,1.6418620211988009,2026-04-10,USD,US Dollar,,0.0
2026-04-10T10:52:53Z,UI.US,Technology,Communication Equipment,41,0.016666666666666666,False,rank_fill,,0.3879601224014773,0.0023429289754872,0.7620104592652601,0.0217968846765128,0.0,0.012045842070234,0.6875496518962975,9.0,1.0,1.5068221691380497,2026-04-10,USD,US Dollar,0.6875496518962975,0.0
2026-04-10T10:52:53Z,PHIN.US,Consumer Cyclical,Auto Parts,42,0.016666666666666666,False,rank_fill,,0.3864314553029206,0.1214107142857143,0.1904637149593921,0.778595097257675,-0.0,0.0570160888671873,0.5535770975371931,4.0,1.0,1.1815547757477238,2026-04-10,USD,US Dollar,0.5535770975371931,0.0
2026-04-10T10:52:53Z,R.US,Industrials,Rental & Leasing Services,43,0.016666666666666666,False,rank_fill,,0.3828908417520177,0.0711255459601212,0.152804051992433,0.4526041976178988,0.0,0.001987726208087,0.4769256193615134,9.0,1.0,1.1156248181733477,2026-04-10,USD,US Dollar,0.4769256193615134,0.0
2026-04-10T10:52:53Z,WFRD.US,Energy,Oil & Gas Equipment & Services,44,0.016666666666666666,False,rank_fill,,0.3800409095525229,0.0415076101468625,0.2053107562055031,0.3356246297489046,0.0,,,,1.0,1.358254126395077,2026-04-10,USD,US Dollar,,0.0
2026-04-10T10:52:53Z,CIEN.US,Technology,Communication Equipment,45,0.016666666666666666,False,rank_fill,,0.3751521262327446,0.0049053191197829,0.3374716757149212,0.0708172716343237,0.1306780748420056,,,,1.0,2.412333410939288,2026-04-10,USD,US Dollar,,0.0
2026-04-10T10:52:53Z,PTEN.US,Energy,Oil & Gas Drilling,46,0.016666666666666666,False,rank_fill,,0.3647648228616263,0.0701698345401262,0.0412636931990968,0.8587042445437103,0.0,,,,1.0,1.5125161331389887,2026-04-10,USD,US Dollar,,0.0
2026-04-10T10:52:53Z,VLGEA.US,Consumer Defensive,Grocery Stores,47,0.016666666666666666,False,rank_fill,,0.3599102458959073,-0.0077508838119192,0.6605148294678448,1.010808768710356,,,,,1.0,1.1948220513160128,2026-04-10,USD,US Dollar,,0.0
2026-04-10T10:52:53Z,ADTN.US,Technology,Communication Equipment,48,0.016666666666666666,False,rank_fill,,0.3438440896035294,-0.0103131968376242,0.3445059456551428,0.8263348533232411,0.00463337188659,0.0060000000000001,0.3440499999999999,1.0,1.0,1.4805313866753893,2026-04-10,USD,US Dollar,0.3440499999999999,0.0
2026-04-10T10:52:53Z,ULS.US,Industrials,Specialty Business Services,50,0.016666666666666666,False,rank_fill,,0.323861605537151,-0.0031502487562188,0.5127767887709689,0.1088730229377468,0.0,,,,1.0,1.1161593886834085,2026-04-10,USD,US Dollar,,0.0
2026-04-10T10:52:53Z,WTS.US,Industrials,Specialty Industrial Machinery,51,0.016666666666666666,False,rank_fill,,0.317085816770026,0.0072,0.4185755935027072,0.251233770611349,0.0,,,,1.0,1.0673085296228269,2026-04-10,USD,US Dollar,,0.0
2026-04-10T10:52:53Z,SPH.US,Utilities,Utilities - Regulated Gas,52,0.016666666666666666,False,rank_fill,,0.2994096319251185,0.0527640890794404,0.1318172735483657,0.4880779932739096,-0.0,,,0.0,1.0,1.0741093757905076,2026-04-10,USD,US Dollar,,0.0
2026-04-10T10:52:53Z,CALY.US,Consumer Cyclical,Leisure,53,0.016666666666666666,False,rank_fill,,0.2944857959351431,0.086012683723462,0.1190776832281087,1.0624329828003212,,,,,1.0,1.2839889357523384,2026-04-10,USD,US Dollar,,0.0
2026-04-10T10:52:53Z,TRN.US,Industrials,Railroads,54,0.016666666666666666,False,rank_fill,,0.2921269996666897,0.0540394299287411,0.0679811025117515,0.4511140320020911,0.0,,,,1.0,1.1366687956957855,2026-04-10,USD,US Dollar,,0.0
2026-04-10T10:52:53Z,IRMD.US,Healthcare,Medical Devices,55,0.016666666666666666,False,rank_fill,,0.2893210607614458,0.0026896405210506,0.591343678752666,0.0907462950702456,0.0,,,,1.0,1.1646030451325948,2026-04-10,USD,US Dollar,,0.0
2026-04-10T10:52:53Z,KEYS.US,Technology,Scientific & Technical Instruments,56,0.016666666666666666,False,rank_fill,,0.2887826497774701,0.0114285714285714,0.2954927831399982,0.1739749305442714,0.0076257840668375,,,,1.0,1.5780405007954692,2026-04-10,USD,US Dollar,,0.0
2026-04-10T10:52:53Z,BVS.US,Healthcare,Medical Devices,57,0.016666666666666666,False,rank_fill,,0.2777844442241592,-0.0544676399966863,0.559468897344633,0.6777014473547448,0.1393830831143149,,,,1.0,1.1945780303864828,2026-04-10,USD,US Dollar,,0.0
2026-04-10T10:52:53Z,IESC.US,Industrials,Engineering & Construction,58,0.016666666666666666,False,rank_fill,,0.2771946012276279,0.0113741366642174,0.5386463666154653,0.1089607076482337,0.0,,,0.0,1.0,1.2998542917503164,2026-04-10,USD,US Dollar,,0.0
2026-04-10T10:52:53Z,ZD.US,Communication Services,Advertising Agencies,59,0.016666666666666666,False,rank_fill,,0.273348684265794,0.0768464194036557,0.277372133258865,1.263394530900042,-0.0,-0.0162847807339567,0.5873474449506831,6.0,1.0,1.1291137263078608,2026-04-10,USD,US Dollar,0.5873474449506831,0.0
2026-04-10T10:52:53Z,NEM.US,Basic Materials,Gold,60,0.016666666666666666,False,rank_fill,,0.2704182017616531,0.0439432055749129,0.1925561527284186,0.2697056788270216,0.0,,,,1.0,1.2789028952753534,2026-04-10,USD,US Dollar,,0.0
2026-04-10T10:52:53Z,HAS.US,Consumer Cyclical,Leisure,61,0.016666666666666666,False,rank_fill,,0.2683552294829841,0.0305127583749109,0.5949747838616715,0.179328612530494,0.0,,,,1.0,1.1401421217667889,2026-04-10,USD,US Dollar,,0.0
2026-04-10T10:52:53Z,KODK.US,Industrials,Specialty Business Services,62,0.016666666666666666,False,rank_fill,,0.2679346438901261,0.0270855904658721,0.140012070006035,0.7785711190059167,,,,,1.0,1.740168177031705,2026-04-10,USD,US Dollar,,0.0
2026-04-10T10:52:53Z,CMS.US,Utilities,Utilities - Regulated Electric,63,0.016666666666666666,False,rank_fill,,0.2635194557706303,0.0213017029835736,0.128778845201545,0.4195959768438609,0.0,,,,1.0,1.1088748549807634,2026-04-10,USD,US Dollar,,0.0
